---
title: ğŸˆ @ì‹œì½” - MySQL ì œëŒ€ë¡œ ë°°ìš°ê¸°
meta:
  - name: description
    content: mysql inflearn
  - name: keywords
    content: mysql inflearn
---

# ğŸˆ @ì‹œì½” - MySQL ì œëŒ€ë¡œ ë°°ìš°ê¸° (inflearn)

ìš°ì„  `mysql` 8ë²„ì „ì„ [ì„¤ì¹˜](https://www.mysql.com/)í•´ì£¼ê³ , ì„¤ì¹˜ ê³¼ì •ì—ì„œ `custom` ì„ ì„ íƒí•˜ì—¬ `workbench`ê¹Œì§€ 8ë²„ì „ìœ¼ë¡œ ì„¤ì¹˜í•´ì¤€ë‹¤.

## Mysql ì‚¬ìš©ì

### mysql ì ‘ì†

```sql
C:\Users\ê´€ë¦¬ì>mysql -u root -p
Enter password: ************
Welcome to the MySQL monitor.  Commands end with ; or \g.
Your MySQL connection id is 34
Server version: 8.0.29 MySQL Community Server - GPL

Copyright (c) 2000, 2022, Oracle and/or its affiliates.
```

### ì‚¬ìš©ì ì¡°íšŒ

```sql
mysql> use mysql;
Database changed
mysql> select user, host from user;
+------------------+-----------+
| user             | host      |
+------------------+-----------+
| mysql.infoschema | localhost |
| mysql.session    | localhost |
| mysql.sys        | localhost |
| root             | localhost |
+------------------+-----------+
4 rows in set (0.00 sec)
```

### ì‚¬ìš©ì ì¶”ê°€/ê¶Œí•œë¶€ì—¬

<b>create user</b>
`mysql> create user <user-name>@'<host>' identified by '<password>';`

```sql
mysql> create user 'test1234'@'localhost' identified by 'test1234';
Query OK, 0 rows affected (0.00 sec)

mysql> grant all privileges on test_database.* to test@'localhost';
Query OK, 0 rows affected (0.00 sec)
```

<b>grant</b>

```sql
mysql> grant all privileges on test_database.* to test_grant@'localhost' identified by 'test1234';
Query OK, 0 rows affected (0.00 sec)
```

<b>`localhost`ëŒ€ì‹ ì— `%`ë¥¼ ì‚¬ìš©í•  ê²½ìš° ì™¸ë¶€ì—ì„œë„ ì ‘ì† ê°€ëŠ¥í•˜ë‹¤</b>

```sql
mysql> grant all privileges on test_database.* to test_grant@'%' identified by 'test1234';
Query OK, 0 rows affected (0.01 sec)
```

<b><u>ì ìš©í•˜ê¸° í•„ìˆ˜ !</u></b>

```sql
mysql> flush privileges;
```

### ë¹„ë°€ë²ˆí˜¸ ë³€ê²½

```sql
mysql> use mysql;
Database changed
mysql> update user set password=PASSWORD('ë³€ê²½í•  ë¹„ë°€ë²ˆí˜¸') where user='ì‚¬ìš©ìì´ë¦„';
Query OK, 1 row affected (0.00 sec)
Rows matched: 1  Changed: 1  Warnings: 0

mysql> flush privileges;
Query OK, 0 rows affected (0.00 sec)
```

### ì‚¬ìš©ì ì‚­ì œ 

```sql
mysql> delete from user where user='USER_ID'; 
mysql> flush privileges;
mysql> delete from user where user='test';
Query OK, 1 row affected (0.00 sec)

mysql> delete from user where user='test_grant';
Query OK, 2 rows affected (0.00 sec)

mysql> flush privileges;
Query OK, 0 rows affected (0.00 sec)
```

## database ìƒì„±

```sql
mysql> show databases;
+--------------------+
| Database           |
+--------------------+
| information_schema |
| mysql              |
| performance_schema |
| sys                |
+--------------------+
4 rows in set (0.00 sec)

mysql> create database testdb;
Query OK, 1 row affected (0.02 sec)

mysql> show databases;
+--------------------+
| Database           |
+--------------------+
| information_schema |
| mysql              |
| performance_schema |
| sys                |
| testdb             |
+--------------------+
5 rows in set (0.00 sec)
```

## mysql workbench ì—°ê²°

![vuepress](../.vuepress/public/img/lecture/03/01.png)
![vuepress](../.vuepress/public/img/lecture/03/02.png)
![vuepress](../.vuepress/public/img/lecture/03/03.png)

## table ìƒì„±

```sql
#ë¶€ì„œ
create table Dept(
	id tinyint unsigned not null auto_increment,
    pid tinyint unsigned not null default 0 comment 'ìƒìœ„ë¶€ì„œid',
    dname varchar(31) not null,
    PRIMARY KEY(id)
);

#ì§ì›
create table Emp(
	id int unsigned not null auto_increment,
    ename varchar(31) not null,
    dept tinyint unsigned not null,
    salary int not null default 0 ,
    primary key(id),
    foreign key(dept) references Dept(id)
);
```

<b>`workbench`ì—ì„œ `refresh`í•´ì¤˜ì•¼ ìƒì„±ëœ í…Œì´ë¸” ì¡°íšŒ ê°€ëŠ¥</b>


![vuepress](../.vuepress/public/img/lecture/03/04.png)

::: tip unsigned
ëª¨ë“  Integeríƒ€ì…ë“¤ì€ `UNSIGNED`ë¥¼ ê°€ì§€ê³  ìˆë‹¤.

í•´ë‹¹ ì»¬ëŸ¼ì´ <b>ìŒìˆ˜ê°€ ì ˆëŒ€ ë  ì¼ì´ ì—†ëŠ” ê²½ìš°,</b> (auto-incrementë¡œ primary keyë¥¼ ì¡ì„ ë•Œì™€ ê°™ì´) ìˆ˜ì˜ ë²”ìœ„ê°€ ì–‘ìˆ˜ ìª½ìœ¼ë¡œ ë” ë„“ìœ¼ë©´ ì¢‹ì„ ê²ƒì´ë‹¤.
ì´ë•Œ ì‚¬ìš©í•˜ëŠ” ê²Œ `unsigned`íƒ€ì…ì´ë‹¤.

* `unsigned` ì•„ë‹ ë•Œ: `-2147483648 ~ 2147483647`
* `unsigned` ì¼ ë•Œ:  `0 ~ 4294967295`
:::

## select/insert

```sql
#ìƒìœ„ë¶€ì„œ
insert into Dept(pid, dname) values (0, 'ì˜ì—…ë¶€'), (0, 'ê°œë°œë¶€');

#í•˜ìœ„ë¶€ì„œ
insert into Dept(pid, dname) 
values (1, 'ì˜ì—…1íŒ€'), (1, 'ì˜ì—…2íŒ€'), (1, 'ì˜ì—…3íŒ€'), (2, 'ì„œë²„íŒ€'), (2, 'í´ë¼ì´ì–¸íŠ¸íŒ€');
```

## inner join

### ì „ì²´ì¡°íšŒ

```sql
mysql> select * from Dept;
+----+-----+--------------+
| id | pid | dname        |
+----+-----+--------------+
|  1 |   0 | ì˜ì—…ë¶€       |
|  2 |   0 | ê°œë°œë¶€       |
|  3 |   1 | ì˜ì—…1íŒ€      |
|  4 |   1 | ì˜ì—…2íŒ€      |
|  5 |   1 | ì˜ì—…3íŒ€      |
|  6 |   2 | ì„œë²„íŒ€       |
|  7 |   2 | í´ë¼ì´ì–¸íŠ¸íŒ€ |
+----+-----+--------------+
7 rows in set (0.00 sec)
```

### í•˜ìœ„ ë¶€ì„œ ì¡°íšŒ

```sql
mysql> select d1.dname as 'ìƒìœ„ë¶€ì„œ', d2.* from Dept d1 inner join Dept d2 on d1.id = d2.pid;
+----------+----+-----+--------------+
| ìƒìœ„ë¶€ì„œ | id | pid | dname        |
+----------+----+-----+--------------+
| ì˜ì—…ë¶€   |  3 |   1 | ì˜ì—…1íŒ€      |
| ì˜ì—…ë¶€   |  4 |   1 | ì˜ì—…2íŒ€      |
| ì˜ì—…ë¶€   |  5 |   1 | ì˜ì—…3íŒ€      |
| ê°œë°œë¶€   |  6 |   2 | ì„œë²„íŒ€       |
| ê°œë°œë¶€   |  7 |   2 | í´ë¼ì´ì–¸íŠ¸íŒ€ |
+----------+----+-----+--------------+
5 rows in set (0.00 sec)
```

::: tip rand()
* 0ê³¼ 1 ì‚¬ì´ì˜ ë‚œìˆ˜ ë°œìƒ 

```sql
mysql> select rand();
+--------------------+
| rand()             |
+--------------------+
| 0.3301079471875987 |
+--------------------+
1 row in set (0.00 sec)
```

* 0~10 ì‚¬ì´ì˜ ë‚œìˆ˜ í•˜ì—¬ ì˜¬ë¦¼ì²˜ë¦¬ (0ì´ ë‚˜ì˜¤ì§€ ì•Šê²Œ ì˜¬ë¦¼ìœ¼ë¡œ ì²˜ë¦¬)

```sql
mysql> select CEIL(rand() * 10);
+-------------------+
| CEIL(rand() * 10) |
+-------------------+
|                 3 |
+-------------------+
1 row in set (0.00 sec)
```
:::


## function ìƒì„±

![vuepress](../.vuepress/public/img/lecture/03/05.png)
![vuepress](../.vuepress/public/img/lecture/03/06.png)

### 1. í•œê¸€ìë¥¼ ëœë¤ìœ¼ë¡œ ë°˜í™˜í•˜ëŠ” í•¨ìˆ˜ë¥¼ ë§Œë“¤ì–´ë³´ì.

```sql
CREATE FUNCTION `f_rand1` (_str varchar(255)) -- ë§¤ê°œë³€ìˆ˜ëŠ” _
RETURNS varchar(31)
BEGIN
	declare v_ret varchar(31); -- ë³€ìˆ˜ëŠ” v_
    declare v_len tinyint;
    
    set v_len = char_length(_str); -- í•œê¸€ì€ 3ë°”ì´íŠ¸ì´ë¯€ë¡œ char_lengthí•˜ë©´ ê¸€ììˆ˜ëŒ€ë¡œ ê¸¸ì´ ë°˜í™˜
    set v_ret = substring(_str, CEIL(rand() * v_len), 1); -- ë‹¨ì–´ì—ì„œ 1ê¸€ìë§Œ ëœë¤ìœ¼ë¡œ ë°˜í™˜
RETURN v_ret;
END
```

```sql
mysql> select f_rand1('ê¹€ì´ë°•');
+-------------------+
| f_rand1('ê¹€ì´ë°•') |
+-------------------+
| ê¹€                |
+-------------------+
1 row in set (0.00 sec)

mysql> select f_rand1('1234567');
+--------------------+
| f_rand1('1234567') |
+--------------------+
| 7                  |
+--------------------+
1 row in set (0.00 sec)

mysql> select f_rand1('1234567');
+--------------------+
| f_rand1('1234567') |
+--------------------+
| 3                  |
+--------------------+
1 row in set (0.00 sec)
```

### 2. `f_rand1`í•¨ìˆ˜ë¥¼ í™œìš©í•´ì„œ ì´ë¦„ì„ ë§Œë“¤ì–´ì£¼ëŠ” í•¨ìˆ˜ë¥¼ ë§Œë“¤ì–´ë³´ì.

```sql
CREATE FUNCTION `f_randname` ()
RETURNS varchar(31)
BEGIN
	declare v_ret varchar(31);
    declare v_lasts varchar(255) default 'ê¹€ì´ë°•ì¡°ìµœì „ì²œë°©ì§€ë§ˆìœ ë°°ì›'; -- ì„±
    declare v_firsts varchar(255) default 'ìˆœì‹ ì„¸ì¢…ì„±í˜¸ì§€í˜œê°€ì€ì„¸í˜¸ë¯¼êµ­ê°€ë‚˜ë‹¤ë¼ë§ˆë°”ì‚¬ì•„ìì°¨ê²°ì°¬'; -- ì´ë¦„
    
    set v_ret = concat(f_rand1(v_lasts), f_rand1(v_firsts), f_rand1(v_firsts));
RETURN v_ret;
END
```

```sql
mysql> select f_randname();
+--------------+
| f_randname() |
+--------------+
| ìœ ê²°ì€       |
+--------------+
1 row in set (0.00 sec)

mysql> select f_randname();
+--------------+
| f_randname() |
+--------------+
| ì›ë‹¤í˜¸       |
+--------------+
1 row in set (0.00 sec)
```

## Procedure

### ì—¬ëŸ¬ëª…ì˜ ì§ì›ì„ í”„ë¡œì‹œì €ë¡œ ë„£ì–´ë³´ì.

![vuepress](../.vuepress/public/img/lecture/03/07.png)

í•˜ìœ„ë¶€ì„œì— ì†í•˜ê¸° ìœ„í•´
```sql
CREATE PROCEDURE `sp_test_emp` (_cnt int)
BEGIN
	declare v_idx int default 0;
    while v_idx < _cnt
    do
        -- í•˜ìœ„ë¶€ì„œì— ì†í•˜ê¸° ìœ„ì— '34567', ê¸‰ì—¬ëŠ” *100í•˜ì—¬ `100~900`ê¹Œì§€
		insert into Emp(ename, dept, salary) values (f_randname(), f_rand1('34567'), f_rand1('123456789') * 100);        
        set v_idx = v_idx + 1;
    end while;
END
```

```sql
mysql> call sp_test_emp(10);
Query OK, 1 row affected (0.02 sec)

mysql> select * from emp;
+----+--------+------+--------+
| id | ename  | dept | salary |
+----+--------+------+--------+
|  1 | ì „ì°¨ì¢… |    7 |    100 |
|  2 | ë§ˆë¯¼ì¢… |    4 |    800 |
|  3 | ì¡°ìë¼ |    6 |    500 |
|  4 | ìµœí˜¸ìˆœ |    5 |    400 |
|  5 | ì¡°ì„¸í˜¸ |    6 |    200 |
|  6 | ìµœêµ­ì„¸ |    5 |    200 |
|  7 | ì¡°ì°¨ë§ˆ |    7 |    500 |
|  8 | ë°©ì„¸ì§€ |    3 |    700 |
|  9 | ì „ê²°ì€ |    3 |    100 |
| 10 | ì´ì„¸ì‚¬ |    6 |    800 |
| 11 | ì²œë°”ê°€ |    5 |    300 |
| 12 | ìœ í˜œì¢… |    6 |    400 |
+----+--------+------+--------+
12 rows in set (0.00 sec)
```

## group by

### ë¶€ì„œë³„ ì§ì› ìˆ˜ ì¡°íšŒ

```sql
mysql> select dept, count(*) from Emp group by dept;
+------+----------+
| dept | count(*) |
+------+----------+
|    3 |       62 |
|    4 |       47 |
|    5 |       47 |
|    6 |       55 |
|    7 |       51 |
+------+----------+
5 rows in set (0.00 sec)
```

## table ì •ë³´

```sql
mysql> desc Dept;
+-------+------------------+------+-----+---------+----------------+
| Field | Type             | Null | Key | Default | Extra          |
+-------+------------------+------+-----+---------+----------------+
| id    | tinyint unsigned | NO   | PRI | NULL    | auto_increment |
| pid   | tinyint unsigned | NO   |     | 0       |                |
| dname | varchar(31)      | NO   |     | NULL    |                |
+-------+------------------+------+-----+---------+----------------+
3 rows in set (0.00 sec)
```
```sql
mysql> show create table Dept;
+-------+-------------------------------------------------------------------------------------------------------------------------------------------------------------------------------------------------------------------------------------------------------------------------------------+
| Table | Create Table                                                                                                                                                                                                                                                                        |
+-------+-------------------------------------------------------------------------------------------------------------------------------------------------------------------------------------------------------------------------------------------------------------------------------------+
| Dept  | CREATE TABLE `dept` (
  `id` tinyint unsigned NOT NULL AUTO_INCREMENT,
  `pid` tinyint unsigned NOT NULL DEFAULT '0' COMMENT 'ìƒìœ„ë¶€ì„œid',
  `dname` varchar(31) NOT NULL,
  PRIMARY KEY (`id`)
) ENGINE=InnoDB AUTO_INCREMENT=8 DEFAULT CHARSET=utf8mb4 COLLATE=utf8mb4_0900_ai_ci |
+-------+-------------------------------------------------------------------------------------------------------------------------------------------------------------------------------------------------------------------------------------------------------------------------------------+
1 row in set (0.00 sec)
```

```sql
mysql> show index from Dept;
+-------+------------+----------+--------------+-------------+-----------+-------------+----------+--------+------+------------+---------+---------------+---------+------------+
| Table | Non_unique | Key_name | Seq_in_index | Column_name | Collation | Cardinality | Sub_part | Packed | Null | Index_type | Comment | Index_comment | Visible | Expression |
+-------+------------+----------+--------------+-------------+-----------+-------------+----------+--------+------+------------+---------+---------------+---------+------------+
| dept  |          0 | PRIMARY  |            1 | id          | A         |           0 |     NULL |   NULL |      | BTREE      |         |               | YES     | NULL       |
+-------+------------+----------+--------------+-------------+-----------+-------------+----------+--------+------+------------+---------+---------------+---------+------------+
1 row in set (0.00 sec)

mysql> show index from Emp;
+-------+------------+----------+--------------+-------------+-----------+-------------+----------+--------+------+------------+---------+---------------+---------+------------+
| Table | Non_unique | Key_name | Seq_in_index | Column_name | Collation | Cardinality | Sub_part | Packed | Null | Index_type | Comment | Index_comment | Visible | Expression |
+-------+------------+----------+--------------+-------------+-----------+-------------+----------+--------+------+------------+---------+---------------+---------+------------+
| emp   |          0 | PRIMARY  |            1 | id          | A         |           0 |     NULL |   NULL |      | BTREE      |         |               | YES     | NULL       |
| emp   |          1 | dept     |            1 | dept        | A         |           0 |     NULL |   NULL |      | BTREE      |         |               | YES     | NULL       |
+-------+------------+----------+--------------+-------------+-----------+-------------+----------+--------+------+------------+---------+---------------+---------+------------+
2 rows in set (0.00 sec)
```

## table ë³µì œ

### ë°ì´í„°ë¹¼ê³  êµ¬ì¡°ë§Œ ë³µì œ

```sql
create table Dept2 like Dpet;
```

### ë°ì´í„°ê¹Œì§€ ë³µì œ

```sql
create table Dept3 AS select * from Dept;
```

:::  danger
<b>index</b>ëŠ” ì„¤ì •ë˜ì§€ ì•ŠëŠ”ë‹¤..!
foriegn keyì™€ ê°™ì€ ì„¤ì •ì€ ë³µì œë˜ì§€ ì•Šìœ¼ë¯€ë¡œ ë”°ë¡œ ì„¤ì •í•´ì£¼ì–´ì•¼ í•¨.
:::

## table ìˆ˜ì •

```sql
-- on update: ë°ì´í„° ìˆ˜ì •ëì„ë•Œ current_timestamp ì—…ë°ì´íŠ¸
alter table Dept add column workdate timestamp not null default current_timestamp on update current_timestamp;
```

```sql
mysql> select * from Dept;
+----+-----+---------+---------------------+
| id | pid | dname   | workdate            |
+----+-----+---------+---------------------+
|  1 |   0 | ì˜ì—…ë¶€  | 2022-04-27 14:17:46 |
|  2 |   0 | ê°œë°œë¶€  | 2022-04-27 14:17:46 |
|  3 |   1 | ì˜ì—…1íŒ€ | 2022-04-27 14:17:46 |
|  4 |   1 | ì˜ì—…2íŒ€ | 2022-04-27 14:17:46 |
|  5 |   1 | ì˜ì—…3íŒ€ | 2022-04-27 14:17:46 |
|  6 |   2 | ì„œë²„íŒ€  | 2022-04-27 14:17:46 |
|  7 |   2 | í´ë¼íŒ€  | 2022-04-27 14:18:06 |
+----+-----+---------+---------------------+
7 rows in set (0.00 sec)
```

### ì•„ë˜ì™€ ê°™ì´ blockì²˜ë¦¬í•´ì„œ ìˆ˜ì •í•˜ëŠ” ì—°ìŠµí•˜ê¸° 

```sql
select * from Dept
-- update Dept set dname='í´ë¼íŒ€'
where id = 7;
```

### truncate ê³¼ delete ì°¨ì´

`truncate`ì€ í…Œì´ë¸”ì„ ì§€ì› ë‹¤ê°€ ë‹¤ì‹œ ìƒì„±í•˜ëŠ” ê±°ë‚˜ ë‹¤ë¦„ ì—†ë‹¤. auto_incrementê°€ 1ë¶€í„° ë‹¤ì‹œ ì‹œì‘í•œë‹¤.

`delete`í•´ì„œ ëª¨ë“  ë°ì´í„°ë¥¼ ì§€ìš°ë©´ auto_incrementê°€ ì´ì „ ê°’ì—ì„œ +1 ëœë‹¤.

## TCL: Commit & Rollback

::: danger
Session ë‹¨ìœ„ë¡œ TxëŠ” ì œì–´ë¨.
:::

### autocommit í™•ì¸

```sql
select @@autocommit;
-- ë³€ê²½í•˜ëŠ” ë°©ë²• SET AUTOCOMMIT = FALSE; 
```

### ì—¬ëŸ¬ê°€ì§€ ì‘ì—…ì„ í•  ë•Œ, ë¶ˆì•ˆí•œ ê²½ìš° `transcation`ìœ¼ë¡œ ì‘ì—…í•´ì¤€ë‹¤.

```sql
start transaction; -- transaction ì‹œì‘
select * from Dept where id in (1,2);
update Dept set dname='ì˜ì—…111' where id = 1;
commit; -- ì ìš©í•˜ê³ í”ˆ ê²½ìš°,
rollback; -- ì·¨ì†Œí•˜ê³ í”ˆ ê²½ìš°,
```

### savepoint

```sql
start transaction; -- transaction ì‹œì‘

savepoint sp1; -- savepoint1 ì‹œì‘
update Dept set dname='ì˜ì—…111' where id = 1;

savepoint sp2; -- savepoint2 ì‹œì‘
update Dept set dname='ê°œë°œ111' where id = 2;

rollback to savepoint sp2; --sp2 ë§Œ ë¡¤ë°±

commit; -- ì ìš© (sp1ë§Œ ì ìš©ë¨)
```

## Reference

[inflearn_@ì‹œì½” - MySQL ì œëŒ€ë¡œ ë°°ìš°ê¸°](https://www.inflearn.com/course/mysql-%EC%A0%9C%EB%8C%80%EB%A1%9C/)
[mysql ì‚¬ìš©ì](https://technote.kr/32)