---
title: ğŸˆ @ì‹œì½” - MySQL ì œëŒ€ë¡œ ë°°ìš°ê¸°
meta:
  - name: description
    content: mysql inflearn
  - name: keywords
    content: mysql inflearn
---

# ğŸˆ @ì‹œì½” - MySQL ì œëŒ€ë¡œ ë°°ìš°ê¸° (inflearn)

ìš°ì„  `mysql` 8ë²„ì „ì„ [ì„¤ì¹˜](https://www.mysql.com/)í•´ì£¼ê³ , ì„¤ì¹˜ ê³¼ì •ì—ì„œ `custom` ì„ ì„ íƒí•˜ì—¬ `workbench`ê¹Œì§€ 8ë²„ì „ìœ¼ë¡œ ì„¤ì¹˜í•´ì¤€ë‹¤.

## Mysql ì‚¬ìš©ì

### mysql ì ‘ì†

```sql
C:\Users\ê´€ë¦¬ì>mysql -u root -p
Enter password: ************
Welcome to the MySQL monitor.  Commands end with ; or \g.
Your MySQL connection id is 34
Server version: 8.0.29 MySQL Community Server - GPL

Copyright (c) 2000, 2022, Oracle and/or its affiliates.
```

### ì‚¬ìš©ì ì¡°íšŒ

```sql
mysql> use mysql;
Database changed
mysql> select user, host from user;
+------------------+-----------+
| user             | host      |
+------------------+-----------+
| mysql.infoschema | localhost |
| mysql.session    | localhost |
| mysql.sys        | localhost |
| root             | localhost |
+------------------+-----------+
4 rows in set (0.00 sec)
```

### ì‚¬ìš©ì ì¶”ê°€/ê¶Œí•œë¶€ì—¬

<b>create user</b>
`mysql> create user <user-name>@'<host>' identified by '<password>';`

```sql
mysql> create user 'test1234'@'localhost' identified by 'test1234';
Query OK, 0 rows affected (0.00 sec)

mysql> grant all privileges on test_database.* to test@'localhost';
Query OK, 0 rows affected (0.00 sec)
```

<b>grant</b>

```sql
mysql> grant all privileges on test_database.* to test_grant@'localhost' identified by 'test1234';
Query OK, 0 rows affected (0.00 sec)
```

<b>`localhost`ëŒ€ì‹ ì— `%`ë¥¼ ì‚¬ìš©í•  ê²½ìš° ì™¸ë¶€ì—ì„œë„ ì ‘ì† ê°€ëŠ¥í•˜ë‹¤</b>

```sql
mysql> grant all privileges on test_database.* to test_grant@'%' identified by 'test1234';
Query OK, 0 rows affected (0.01 sec)
```

<b><u>ì ìš©í•˜ê¸° í•„ìˆ˜ !</u></b>

```sql
mysql> flush privileges;
```

### ë¹„ë°€ë²ˆí˜¸ ë³€ê²½

```sql
mysql> use mysql;
Database changed
mysql> update user set password=PASSWORD('ë³€ê²½í•  ë¹„ë°€ë²ˆí˜¸') where user='ì‚¬ìš©ìì´ë¦„';
Query OK, 1 row affected (0.00 sec)
Rows matched: 1  Changed: 1  Warnings: 0

mysql> flush privileges;
Query OK, 0 rows affected (0.00 sec)
```

### ì‚¬ìš©ì ì‚­ì œ 

```sql
mysql> delete from user where user='USER_ID'; 
mysql> flush privileges;
mysql> delete from user where user='test';
Query OK, 1 row affected (0.00 sec)

mysql> delete from user where user='test_grant';
Query OK, 2 rows affected (0.00 sec)

mysql> flush privileges;
Query OK, 0 rows affected (0.00 sec)
```

## database ìƒì„±

```sql
mysql> show databases;
+--------------------+
| Database           |
+--------------------+
| information_schema |
| mysql              |
| performance_schema |
| sys                |
+--------------------+
4 rows in set (0.00 sec)

mysql> create database testdb;
Query OK, 1 row affected (0.02 sec)

mysql> show databases;
+--------------------+
| Database           |
+--------------------+
| information_schema |
| mysql              |
| performance_schema |
| sys                |
| testdb             |
+--------------------+
5 rows in set (0.00 sec)
```

## mysql workbench ì—°ê²°

![vuepress](../.vuepress/public/img/lecture/03/01.png)
![vuepress](../.vuepress/public/img/lecture/03/02.png)
![vuepress](../.vuepress/public/img/lecture/03/03.png)

## table ìƒì„±

```sql
#ë¶€ì„œ
create table Dept(
	id tinyint unsigned not null auto_increment,
    pid tinyint unsigned not null default 0 comment 'ìƒìœ„ë¶€ì„œid',
    dname varchar(31) not null,
    PRIMARY KEY(id)
);

#ì§ì›
create table Emp(
	id int unsigned not null auto_increment,
    ename varchar(31) not null,
    dept tinyint unsigned not null,
    salary int not null default 0 ,
    primary key(id),
    foreign key(dept) references Dept(id)
);
```

<b>`workbench`ì—ì„œ `refresh`í•´ì¤˜ì•¼ ìƒì„±ëœ í…Œì´ë¸” ì¡°íšŒ ê°€ëŠ¥</b>


![vuepress](../.vuepress/public/img/lecture/03/04.png)

::: tip unsigned
ëª¨ë“  Integeríƒ€ì…ë“¤ì€ `UNSIGNED`ë¥¼ ê°€ì§€ê³  ìˆë‹¤.

í•´ë‹¹ ì»¬ëŸ¼ì´ <b>ìŒìˆ˜ê°€ ì ˆëŒ€ ë  ì¼ì´ ì—†ëŠ” ê²½ìš°,</b> (auto-incrementë¡œ primary keyë¥¼ ì¡ì„ ë•Œì™€ ê°™ì´) ìˆ˜ì˜ ë²”ìœ„ê°€ ì–‘ìˆ˜ ìª½ìœ¼ë¡œ ë” ë„“ìœ¼ë©´ ì¢‹ì„ ê²ƒì´ë‹¤.
ì´ë•Œ ì‚¬ìš©í•˜ëŠ” ê²Œ `unsigned`íƒ€ì…ì´ë‹¤.

* `unsigned` ì•„ë‹ ë•Œ: `-2147483648 ~ 2147483647`
* `unsigned` ì¼ ë•Œ:  `0 ~ 4294967295`
:::

## select/insert

```sql
#ìƒìœ„ë¶€ì„œ
insert into Dept(pid, dname) values (0, 'ì˜ì—…ë¶€'), (0, 'ê°œë°œë¶€');

#í•˜ìœ„ë¶€ì„œ
insert into Dept(pid, dname) 
values (1, 'ì˜ì—…1íŒ€'), (1, 'ì˜ì—…2íŒ€'), (1, 'ì˜ì—…3íŒ€'), (2, 'ì„œë²„íŒ€'), (2, 'í´ë¼ì´ì–¸íŠ¸íŒ€');
```

## inner join

### ì „ì²´ì¡°íšŒ

```sql
mysql> select * from Dept;
+----+-----+--------------+
| id | pid | dname        |
+----+-----+--------------+
|  1 |   0 | ì˜ì—…ë¶€       |
|  2 |   0 | ê°œë°œë¶€       |
|  3 |   1 | ì˜ì—…1íŒ€      |
|  4 |   1 | ì˜ì—…2íŒ€      |
|  5 |   1 | ì˜ì—…3íŒ€      |
|  6 |   2 | ì„œë²„íŒ€       |
|  7 |   2 | í´ë¼ì´ì–¸íŠ¸íŒ€ |
+----+-----+--------------+
7 rows in set (0.00 sec)
```

### í•˜ìœ„ ë¶€ì„œ ì¡°íšŒ

```sql
mysql> select d1.dname as 'ìƒìœ„ë¶€ì„œ', d2.* from Dept d1 inner join Dept d2 on d1.id = d2.pid;
+----------+----+-----+--------------+
| ìƒìœ„ë¶€ì„œ | id | pid | dname        |
+----------+----+-----+--------------+
| ì˜ì—…ë¶€   |  3 |   1 | ì˜ì—…1íŒ€      |
| ì˜ì—…ë¶€   |  4 |   1 | ì˜ì—…2íŒ€      |
| ì˜ì—…ë¶€   |  5 |   1 | ì˜ì—…3íŒ€      |
| ê°œë°œë¶€   |  6 |   2 | ì„œë²„íŒ€       |
| ê°œë°œë¶€   |  7 |   2 | í´ë¼ì´ì–¸íŠ¸íŒ€ |
+----------+----+-----+--------------+
5 rows in set (0.00 sec)
```

::: tip rand()
* 0ê³¼ 1 ì‚¬ì´ì˜ ë‚œìˆ˜ ë°œìƒ 

```sql
mysql> select rand();
+--------------------+
| rand()             |
+--------------------+
| 0.3301079471875987 |
+--------------------+
1 row in set (0.00 sec)
```

* 0~10 ì‚¬ì´ì˜ ë‚œìˆ˜ í•˜ì—¬ ì˜¬ë¦¼ì²˜ë¦¬ (0ì´ ë‚˜ì˜¤ì§€ ì•Šê²Œ ì˜¬ë¦¼ìœ¼ë¡œ ì²˜ë¦¬)

```sql
mysql> select CEIL(rand() * 10);
+-------------------+
| CEIL(rand() * 10) |
+-------------------+
|                 3 |
+-------------------+
1 row in set (0.00 sec)
```
:::


## function ìƒì„±

![vuepress](../.vuepress/public/img/lecture/03/05.png)
![vuepress](../.vuepress/public/img/lecture/03/06.png)

::: tip function ìƒì„± ì•ˆ ë˜ëŠ” ê²½ìš°
```sql
SET GLOBAL  log_bin_trust_function_creators=ON;
```
:::

### 1. í•œê¸€ìë¥¼ ëœë¤ìœ¼ë¡œ ë°˜í™˜í•˜ëŠ” í•¨ìˆ˜ë¥¼ ë§Œë“¤ì–´ë³´ì.

```sql
CREATE FUNCTION `f_rand1` (_str varchar(255)) -- ë§¤ê°œë³€ìˆ˜ëŠ” _
RETURNS varchar(31)
BEGIN
	declare v_ret varchar(31); -- ë³€ìˆ˜ëŠ” v_
    declare v_len tinyint;
    
    set v_len = char_length(_str); -- í•œê¸€ì€ 3ë°”ì´íŠ¸ì´ë¯€ë¡œ char_lengthí•˜ë©´ ê¸€ììˆ˜ëŒ€ë¡œ ê¸¸ì´ ë°˜í™˜
    set v_ret = substring(_str, CEIL(rand() * v_len), 1); -- ë‹¨ì–´ì—ì„œ 1ê¸€ìë§Œ ëœë¤ìœ¼ë¡œ ë°˜í™˜
RETURN v_ret;
END
```

```sql
mysql> select f_rand1('ê¹€ì´ë°•');
+-------------------+
| f_rand1('ê¹€ì´ë°•') |
+-------------------+
| ê¹€                |
+-------------------+
1 row in set (0.00 sec)

mysql> select f_rand1('1234567');
+--------------------+
| f_rand1('1234567') |
+--------------------+
| 7                  |
+--------------------+
1 row in set (0.00 sec)

mysql> select f_rand1('1234567');
+--------------------+
| f_rand1('1234567') |
+--------------------+
| 3                  |
+--------------------+
1 row in set (0.00 sec)
```

### 2. `f_rand1`í•¨ìˆ˜ë¥¼ í™œìš©í•´ì„œ ì´ë¦„ì„ ë§Œë“¤ì–´ì£¼ëŠ” í•¨ìˆ˜ë¥¼ ë§Œë“¤ì–´ë³´ì.

```sql
CREATE FUNCTION `f_randname` ()
RETURNS varchar(31)
BEGIN
	declare v_ret varchar(31);
    declare v_lasts varchar(255) default 'ê¹€ì´ë°•ì¡°ìµœì „ì²œë°©ì§€ë§ˆìœ ë°°ì›'; -- ì„±
    declare v_firsts varchar(255) default 'ìˆœì‹ ì„¸ì¢…ì„±í˜¸ì§€í˜œê°€ì€ì„¸í˜¸ë¯¼êµ­ê°€ë‚˜ë‹¤ë¼ë§ˆë°”ì‚¬ì•„ìì°¨ê²°ì°¬'; -- ì´ë¦„
    
    set v_ret = concat(f_rand1(v_lasts), f_rand1(v_firsts), f_rand1(v_firsts));
RETURN v_ret;
END
```

```sql
mysql> select f_randname();
+--------------+
| f_randname() |
+--------------+
| ìœ ê²°ì€       |
+--------------+
1 row in set (0.00 sec)

mysql> select f_randname();
+--------------+
| f_randname() |
+--------------+
| ì›ë‹¤í˜¸       |
+--------------+
1 row in set (0.00 sec)
```

## Procedure

### ì—¬ëŸ¬ëª…ì˜ ì§ì›ì„ í”„ë¡œì‹œì €ë¡œ ë„£ì–´ë³´ì.

![vuepress](../.vuepress/public/img/lecture/03/07.png)

í•˜ìœ„ë¶€ì„œì— ì†í•˜ê¸° ìœ„í•´
```sql
CREATE PROCEDURE `sp_test_emp` (_cnt int)
BEGIN
	declare v_idx int default 0;
    while v_idx < _cnt
    do
        -- í•˜ìœ„ë¶€ì„œì— ì†í•˜ê¸° ìœ„ì— '34567', ê¸‰ì—¬ëŠ” *100í•˜ì—¬ `100~900`ê¹Œì§€
		insert into Emp(ename, dept, salary) values (f_randname(), f_rand1('34567'), f_rand1('123456789') * 100);        
        set v_idx = v_idx + 1;
    end while;
END
```

```sql
mysql> call sp_test_emp(10);
Query OK, 1 row affected (0.02 sec)

mysql> select * from emp;
+----+--------+------+--------+
| id | ename  | dept | salary |
+----+--------+------+--------+
|  1 | ì „ì°¨ì¢… |    7 |    100 |
|  2 | ë§ˆë¯¼ì¢… |    4 |    800 |
|  3 | ì¡°ìë¼ |    6 |    500 |
|  4 | ìµœí˜¸ìˆœ |    5 |    400 |
|  5 | ì¡°ì„¸í˜¸ |    6 |    200 |
|  6 | ìµœêµ­ì„¸ |    5 |    200 |
|  7 | ì¡°ì°¨ë§ˆ |    7 |    500 |
|  8 | ë°©ì„¸ì§€ |    3 |    700 |
|  9 | ì „ê²°ì€ |    3 |    100 |
| 10 | ì´ì„¸ì‚¬ |    6 |    800 |
| 11 | ì²œë°”ê°€ |    5 |    300 |
| 12 | ìœ í˜œì¢… |    6 |    400 |
+----+--------+------+--------+
12 rows in set (0.00 sec)
```

## group by

### ë¶€ì„œë³„ ì§ì› ìˆ˜ ì¡°íšŒ

```sql
mysql> select dept, count(*) from Emp group by dept;
+------+----------+
| dept | count(*) |
+------+----------+
|    3 |       62 |
|    4 |       47 |
|    5 |       47 |
|    6 |       55 |
|    7 |       51 |
+------+----------+
5 rows in set (0.00 sec)
```

## table ì •ë³´

```sql
mysql> desc Dept;
+-------+------------------+------+-----+---------+----------------+
| Field | Type             | Null | Key | Default | Extra          |
+-------+------------------+------+-----+---------+----------------+
| id    | tinyint unsigned | NO   | PRI | NULL    | auto_increment |
| pid   | tinyint unsigned | NO   |     | 0       |                |
| dname | varchar(31)      | NO   |     | NULL    |                |
+-------+------------------+------+-----+---------+----------------+
3 rows in set (0.00 sec)
```
```sql
mysql> show create table Dept;
+-------+-------------------------------------------------------------------------------------------------------------------------------------------------------------------------------------------------------------------------------------------------------------------------------------+
| Table | Create Table                                                                                                                                                                                                                                                                        |
+-------+-------------------------------------------------------------------------------------------------------------------------------------------------------------------------------------------------------------------------------------------------------------------------------------+
| Dept  | CREATE TABLE `dept` (
  `id` tinyint unsigned NOT NULL AUTO_INCREMENT,
  `pid` tinyint unsigned NOT NULL DEFAULT '0' COMMENT 'ìƒìœ„ë¶€ì„œid',
  `dname` varchar(31) NOT NULL,
  PRIMARY KEY (`id`)
) ENGINE=InnoDB AUTO_INCREMENT=8 DEFAULT CHARSET=utf8mb4 COLLATE=utf8mb4_0900_ai_ci |
+-------+-------------------------------------------------------------------------------------------------------------------------------------------------------------------------------------------------------------------------------------------------------------------------------------+
1 row in set (0.00 sec)
```

```sql
mysql> show index from Dept;
+-------+------------+----------+--------------+-------------+-----------+-------------+----------+--------+------+------------+---------+---------------+---------+------------+
| Table | Non_unique | Key_name | Seq_in_index | Column_name | Collation | Cardinality | Sub_part | Packed | Null | Index_type | Comment | Index_comment | Visible | Expression |
+-------+------------+----------+--------------+-------------+-----------+-------------+----------+--------+------+------------+---------+---------------+---------+------------+
| dept  |          0 | PRIMARY  |            1 | id          | A         |           0 |     NULL |   NULL |      | BTREE      |         |               | YES     | NULL       |
+-------+------------+----------+--------------+-------------+-----------+-------------+----------+--------+------+------------+---------+---------------+---------+------------+
1 row in set (0.00 sec)

mysql> show index from Emp;
+-------+------------+----------+--------------+-------------+-----------+-------------+----------+--------+------+------------+---------+---------------+---------+------------+
| Table | Non_unique | Key_name | Seq_in_index | Column_name | Collation | Cardinality | Sub_part | Packed | Null | Index_type | Comment | Index_comment | Visible | Expression |
+-------+------------+----------+--------------+-------------+-----------+-------------+----------+--------+------+------------+---------+---------------+---------+------------+
| emp   |          0 | PRIMARY  |            1 | id          | A         |           0 |     NULL |   NULL |      | BTREE      |         |               | YES     | NULL       |
| emp   |          1 | dept     |            1 | dept        | A         |           0 |     NULL |   NULL |      | BTREE      |         |               | YES     | NULL       |
+-------+------------+----------+--------------+-------------+-----------+-------------+----------+--------+------+------------+---------+---------------+---------+------------+
2 rows in set (0.00 sec)
```

## table ë³µì œ

### ë°ì´í„°ë¹¼ê³  êµ¬ì¡°ë§Œ ë³µì œ

```sql
create table Dept2 like Dpet;
```

### ë°ì´í„°ê¹Œì§€ ë³µì œ

```sql
create table Dept3 AS select * from Dept;
```

:::  danger
<b>index</b>ëŠ” ì„¤ì •ë˜ì§€ ì•ŠëŠ”ë‹¤..!
foriegn keyì™€ ê°™ì€ ì„¤ì •ì€ ë³µì œë˜ì§€ ì•Šìœ¼ë¯€ë¡œ ë”°ë¡œ ì„¤ì •í•´ì£¼ì–´ì•¼ í•¨.
:::

## table ìˆ˜ì •

```sql
-- on update: ë°ì´í„° ìˆ˜ì •ëì„ë•Œ current_timestamp ì—…ë°ì´íŠ¸
alter table Dept add column workdate timestamp not null default current_timestamp on update current_timestamp;
```

```sql
mysql> select * from Dept;
+----+-----+---------+---------------------+
| id | pid | dname   | workdate            |
+----+-----+---------+---------------------+
|  1 |   0 | ì˜ì—…ë¶€  | 2022-04-27 14:17:46 |
|  2 |   0 | ê°œë°œë¶€  | 2022-04-27 14:17:46 |
|  3 |   1 | ì˜ì—…1íŒ€ | 2022-04-27 14:17:46 |
|  4 |   1 | ì˜ì—…2íŒ€ | 2022-04-27 14:17:46 |
|  5 |   1 | ì˜ì—…3íŒ€ | 2022-04-27 14:17:46 |
|  6 |   2 | ì„œë²„íŒ€  | 2022-04-27 14:17:46 |
|  7 |   2 | í´ë¼íŒ€  | 2022-04-27 14:18:06 |
+----+-----+---------+---------------------+
7 rows in set (0.00 sec)
```

### ì•„ë˜ì™€ ê°™ì´ blockì²˜ë¦¬í•´ì„œ ìˆ˜ì •í•˜ëŠ” ì—°ìŠµí•˜ê¸° 

```sql
select * from Dept
-- update Dept set dname='í´ë¼íŒ€'
where id = 7;
```

### truncate ê³¼ delete ì°¨ì´

`truncate`ì€ í…Œì´ë¸”ì„ ì§€ì› ë‹¤ê°€ ë‹¤ì‹œ ìƒì„±í•˜ëŠ” ê±°ë‚˜ ë‹¤ë¦„ ì—†ë‹¤. auto_incrementê°€ 1ë¶€í„° ë‹¤ì‹œ ì‹œì‘í•œë‹¤.

`delete`í•´ì„œ ëª¨ë“  ë°ì´í„°ë¥¼ ì§€ìš°ë©´ auto_incrementê°€ ì´ì „ ê°’ì—ì„œ +1 ëœë‹¤.

## TCL: Commit & Rollback

::: danger
Session ë‹¨ìœ„ë¡œ TxëŠ” ì œì–´ë¨.
:::

### autocommit í™•ì¸

```sql
select @@autocommit;
-- ë³€ê²½í•˜ëŠ” ë°©ë²• SET AUTOCOMMIT = FALSE; 
```

### ì—¬ëŸ¬ê°€ì§€ ì‘ì—…ì„ í•  ë•Œ, ë¶ˆì•ˆí•œ ê²½ìš° `transcation`ìœ¼ë¡œ ì‘ì—…í•´ì¤€ë‹¤.

```sql
start transaction; -- transaction ì‹œì‘
select * from Dept where id in (1,2);
update Dept set dname='ì˜ì—…111' where id = 1;
commit; -- ì ìš©í•˜ê³ í”ˆ ê²½ìš°,
rollback; -- ì·¨ì†Œí•˜ê³ í”ˆ ê²½ìš°,
```

### savepoint

```sql
start transaction; -- transaction ì‹œì‘

savepoint sp1; -- savepoint1 ì‹œì‘
update Dept set dname='ì˜ì—…111' where id = 1;

savepoint sp2; -- savepoint2 ì‹œì‘
update Dept set dname='ê°œë°œ111' where id = 2;

rollback to savepoint sp2; --sp2 ë§Œ ë¡¤ë°±

commit; -- ì ìš© (sp1ë§Œ ì ìš©ë¨)
```

## View

::: tip Viewë¥¼ ì‚¬ìš©í•˜ëŠ” ì´ìœ 

* Security

    ë³´ì•ˆì„ ìœ„í•´ì„œ `view`ë¥¼ ë§ì´ ì“´ë‹¤. í…Œì´ë¸” í…Œì´í„°ë¥¼ ìˆ˜ì •í•˜ì§€ ëª»í•˜ë„ë¡, ì‚¬ìš©ì ì ‘ê·¼ ê¶Œí•œì„ `view` ì¡°íšŒë§Œ ê°€ëŠ¥í•˜ë„ë¡ í•˜ëŠ” ê²½ìš°ê°€ ìˆë‹¤.

* Simplicity

    ë³µì¡í•œ ì¿¼ë¦¬ë¥¼ ë‹¨ìˆœí•˜ê²Œ í•´ì¤€ë‹¤.

* Performance

    ë„¤íŠ¸ì›Œí¬ íŠ¸ë˜í”½ì´ ì¤„ì–´ë“¤ê³ , ì»´íŒŒì¼í•˜ëŠ” ì‹œê°„ë„ ì¤„ì–´ë“ ë‹¤.

:::

### ìƒì„±

ìƒì„± ì¿¼ë¦¬ëŠ” ì•„ë˜ì™€ ê°™ê³ , ì¡°íšŒëŠ” í…Œì´ë¸” ì¡°íšŒì™€ ë˜‘ê°™ì´ `select`ë¡œ ì¡°íšŒí•˜ë©´ ëœë‹¤.

```sql
create view v_Emp AS
select e.*, d.dname from Emp e inner join Dept d on e.dept = d.id;
```

![vuepress](../.vuepress/public/img/lecture/03/08.png)

### view schema ì¡°íšŒ

```sql
mysql> select * from information_schema.views where table_schema = 'testdb';
+---------------+--------------+------------+----------------------------------------------------------------------------------------------------------------------------------------------------------------------------------------------------+--------------+--------------+----------------+---------------+----------------------+----------------------+
| TABLE_CATALOG | TABLE_SCHEMA | TABLE_NAME | VIEW_DEFINITION                                                                                                                                                                                    | CHECK_OPTION | IS_UPDATABLE | DEFINER        | SECURITY_TYPE | CHARACTER_SET_CLIENT | COLLATION_CONNECTION |
+---------------+--------------+------------+----------------------------------------------------------------------------------------------------------------------------------------------------------------------------------------------------+--------------+--------------+----------------+---------------+----------------------+----------------------+
| def           | testdb       | v_emp      | select `e`.`id` AS `id`,`e`.`ename` AS `ename`,`e`.`dept` AS `dept`,`e`.`salary` AS `salary`,`d`.`dname` AS `dname` from (`testdb`.`emp` `e` join `testdb`.`dept` `d` on((`e`.`dept` = `d`.`id`))) | NONE         | YES          | root@localhost | DEFINER       | utf8mb4              | utf8mb4_0900_ai_ci   |
+---------------+--------------+------------+----------------------------------------------------------------------------------------------------------------------------------------------------------------------------------------------------+--------------+--------------+----------------+---------------+----------------------+----------------------+
1 row in set (0.00 sec)
```

## Trigger

<h3>íŠ¹ì • ì¡°ê±´ì„ ë§Œì¡±í•˜ë©´ ì €ì ˆë¡œ ì‹¤í–‰ëœë‹¤.</h3>

```sql
DELIMITER //
Create Trigger <trigger-name>
    { BEFORE | AFTER } { INSERT | UPDATE | DELETE } -- íŠ¹ì • ì‘ì—… ìˆ˜í–‰ ì „/í›„ (ë³´í†µ í›„ì— ë§ì´ í•¨)
    { PRECEDES | FOLLOWS } other-trigger-name -- ë‹¤ë¥¸ íŠ¸ë¦¬ê±°ê°€ ë˜ ìˆëŠ”ê²½ìš° PRECEDES: otheríƒ€ê¸°ì „ì— íƒ€ë¼ / FOLLOWS: otheríƒ€ê³  íƒ€ë¼
    on <table-name> FOR EACH ROW
BEGIN
    ... OLD.<col>   ... NEW.<col>; -- OLD: updateì´ì „ê°’ / NEW: updateì´í›„ê°’

END //
DELIMITER;
```

### ìš°ì„  ê¸°ì¡´ `Dept` í…Œì´ë¸”ì— ì§ì› ìˆ˜ì¸ `empcnt` ì»¬ëŸ¼ì„ ì¶”ê°€í•´ì£¼ê³ , í˜„ì¬ ì§ì›ìˆ˜ë¡œ `update` ì²˜ë¦¬í•´ì£¼ì.

```sql
alter table Dept add column empcnt int not null default 0;
update Dept d set empcnt = (select count(*) from Emp where dept = d.id);
```

### `Trigger` ë¥¼ ì ìš©í•´ì£¼ì.

```sql
CREATE DEFINER = CURRENT_USER TRIGGER `testdb`.`emp_AFTER_INSERT` AFTER INSERT ON `emp` FOR EACH ROW
BEGIN
  update Dept set empcnt = empcnt + 1
  where id = NEW.dept;
END
```

![vuepress](../.vuepress/public/img/lecture/03/09.png)

### `insert` í•´ë³´ë©´ `Trigger`ê°€ ì ìš©ë˜ì–´ `empcnt`ê°€ ëŠ˜ì–´ë‚˜ëŠ” ê±¸ í™•ì¸í•  ìˆ˜ ìˆë‹¤.

```sql
mysql> select * from Dept;
+----+-----+---------+---------------------+---------+--------+
| id | pid | dname   | workdate            | captain | empcnt |
+----+-----+---------+---------------------+---------+--------+
|  1 |   0 | ì˜ì—…111 | 2022-04-27 16:58:13 |    NULL |      0 |
|  2 |   0 | ê°œë°œë¶€  | 2022-04-27 16:57:39 |    NULL |      0 |
|  3 |   1 | ì˜ì—…1íŒ€ | 2022-04-28 10:23:20 |      66 |     62 |
|  4 |   1 | ì˜ì—…2íŒ€ | 2022-04-28 10:23:20 |     198 |     47 |
|  5 |   1 | ì˜ì—…3íŒ€ | 2022-04-28 13:52:15 |      76 |     48 |
|  6 |   2 | ì„œë²„íŒ€  | 2022-04-28 10:23:20 |    NULL |     55 |
|  7 |   2 | í´ë¼íŒ€  | 2022-04-28 10:23:20 |     259 |     51 |
+----+-----+---------+---------------------+---------+--------+
7 rows in set (0.01 sec)

mysql> insert into Emp(ename, dept, salary) values ('SSS', 5, 200);
Query OK, 1 row affected (0.01 sec)

mysql> select * from Dept;
+----+-----+---------+---------------------+---------+--------+
| id | pid | dname   | workdate            | captain | empcnt |
+----+-----+---------+---------------------+---------+--------+
|  1 |   0 | ì˜ì—…111 | 2022-04-27 16:58:13 |    NULL |      0 |
|  2 |   0 | ê°œë°œë¶€  | 2022-04-27 16:57:39 |    NULL |      0 |
|  3 |   1 | ì˜ì—…1íŒ€ | 2022-04-28 10:23:20 |      66 |     62 |
|  4 |   1 | ì˜ì—…2íŒ€ | 2022-04-28 10:23:20 |     198 |     47 |
|  5 |   1 | ì˜ì—…3íŒ€ | 2022-04-28 13:53:11 |      76 |     49 |
|  6 |   2 | ì„œë²„íŒ€  | 2022-04-28 10:23:20 |    NULL |     55 |
|  7 |   2 | í´ë¼íŒ€  | 2022-04-28 10:23:20 |     259 |     51 |
+----+-----+---------+---------------------+---------+--------+
7 rows in set (0.00 sec)
```

### `delete`ì—ë„ `empcnt`ê°€ -1 ë˜ë„ë¡ triggerë¥¼ ê±¸ì–´ì¤€ë‹¤.

```sql
CREATE DEFINER = CURRENT_USER TRIGGER `testdb`.`emp_AFTER_DELETE` AFTER DELETE ON `emp` FOR EACH ROW
BEGIN
 update Dept set empcnt = empcnt - 1
  where id = OLD.dept; -- ìƒˆë¡œ ë“¤ì–´ì˜¤ëŠ” NEWê°€ ì—†ìœ¼ë¯€ë¡œ OLDë¡œ ì¨ì¤€ë‹¤.
END
```

### `update`ì—ë„ ê±¸ì–´ì¤€ë‹¤. `dept`-ì†í•œ ë¶€ì„œê°€ ìˆ˜ì •ë˜ëŠ” ê²½ìš°ë„ `empcnt`ë¥¼ ë³€ê²½í•´ì¤˜ì•¼í•œë‹¤.

```sql
CREATE DEFINER=`root`@`localhost` TRIGGER `emp_AFTER_UPDATE` AFTER UPDATE ON `emp` FOR EACH ROW BEGIN
  IF OLD.dept != NEW.dept THEN -- ë¶€ì„œê°€ ë³€ê²½ë˜ëŠ” ê²½ìš°
    update Dept set empcnt = empcnt - 1
      where id = OLD.dept;
    
    update Dept set empcnt = empcnt + 1
      where id = NEW.dept;
  END IF;
END
```

## UNION

### `UNION`ì€ ì¤‘ë³µì„ ë¹¼ê³ , `UNION ALL`ì€ ì¤‘ë³µë„ í¬í•¨í•œë‹¤.

```sql
select * from subject where classroom < 3
{ UNION | UNION ALL}
select * from subject where classroom < 5
```

## @rownum

ìˆœë²ˆì„ ë§¤ê¸°ê³  ì‹¶ì„ ë•Œ ì‚¬ìš©í•œë‹¤.

```sql
mysql> select s.*, (@rownum := @rownum + 1)from Emp s, (select @rownum := 0) rn;
+-----+--------+------+--------+--------------------------+
| id  | ename  | dept | salary | (@rownum := @rownum + 1) |
+-----+--------+------+--------+--------------------------+
|   1 | ì „ì°¨ì¢… |    7 |    100 |                        1 |
|   2 | ë§ˆë¯¼ì¢… |    4 |    800 |                        2 |
|   3 | ì¡°ìë¼ |    6 |    500 |                        3 |
|   4 | ìµœí˜¸ìˆœ |    5 |    400 |                        4 |
|   5 | ì¡°ì„¸í˜¸ |    6 |    200 |                        5 |
|   6 | ìµœêµ­ì„¸ |    5 |    200 |                        6 |
|   7 | ì¡°ì°¨ë§ˆ |    7 |    500 |                        7 |
|   8 | ë°©ì„¸ì§€ |    3 |    700 |                        8 |
|   9 | ì „ê²°ì€ |    3 |    100 |                        9 |
|  10 | ì´ì„¸ì‚¬ |    6 |    800 |                       10 |
|  11 | ì²œë°”ê°€ |    5 |    300 |                       11 |
|  12 | ìœ í˜œì¢… |    6 |    400 |                       12 |
|  13 | ì²œê°€í˜¸ |    3 |    100 |                       13 |
|  14 | ìœ ì°¨ìˆœ |    5 |    300 |                       14 |
|  15 | ìœ ê°€ì¢… |    6 |    100 |                       15 |
|  16 | ì „ì‚¬ë°” |    4 |    400 |                       16 |
|  17 | ê¹€ì°¬ì•„ |    3 |    100 |                       17 |
|  18 | ì›ê°€ì°¬ |    4 |    300 |                       18 |
|  19 | ë§ˆì•„ê²° |    3 |    200 |                       19 |
...ìƒëµ
```

## Procudure - OUT ì¶œë ¥ | into ì‚¬ìš©

### í”„ë¡œì‹œì € ì‘ì—… í›„, ë³€ìˆ˜ë¥¼ ì¶œë ¥í•˜ê³  ì‹¶ì„ ë•Œ `OUT`ì„ ì‚¬ìš©í•œë‹¤.

```sql
CREATE PROCEDURE `sp_emp_del`(_empid int, OUT _empcnt int) -- ì‚­ì œ í›„, empcnt ê°€ì ¸ì˜¤ê³  ì‹¶ì„ë–„
BEGIN
  declare v_deptid tinyint;
  select dept into v_deptid from Emp where id = _empid; -- into: deptë¥¼ v_deptid ë³€ìˆ˜ì— ì…ë ¥
  
  delete from Emp where id = _empid;
  
  select empcnt into _empcnt from Dept where id = v_deptid; 
END
```

```sql
call sp_emp_del(6, @empcnt); -- empcntë¥¼ ë°›ì•„ì˜¨ë‹¤.
select @empcnt;
```

::: tip Leave
`Leave`ë¥¼ ì‚¬ìš©í•˜ë©´ í”„ë¡œì‹œì € ë„ì¤‘ ì¤‘ë‹¨ ê°€ëŠ¥í•˜ë‹¤.
```sql
CREATE DEFINER=`root`@`localhost` PROCEDURE `sp_emp_range`(_sid int, _eid int)
prox:BEGIN
    ... ìƒëµ
    leave prox; -- ì¡°ê±´ ë§Œì¡± ëª»í–ˆì„ ë•Œ, ì·¨ì†Œì‹œí‚¤ê³  ì‹¶ì€ ê²½ìš°
END
```
:::

## Prepare

### Stringìœ¼ë¡œ ë°›ì•„ì˜¨ ê°’ ì¿¼ë¦¬ì— ì‚¬ìš©í•˜ê¸°

```sql
CREATE PROCEDURE `sp_count`(_table varchar(31))
BEGIN
  SET @sql = CONCAT('select count(*) cnt from ', _table);
  
  PREPARE myQuery from @sql;
  EXECUTE myQuery;
  DEALLOCATE PREPARE myQuery; -- ë©”ëª¨ë¦¬ì—ì„œ ì‚­ì œ
END
```

## Cursor

### rowë¥¼ ì„ íƒí•˜ëŠ” ê°œë…ì´ë¼ê³  ë³´ë©´ ëœë‹¤. 

![vuepress](../.vuepress/public/img/lecture/03/10.png)

```sql
Declare <cursor-name> CURSOR FOR
    select ....
Declare Continue Handler
    For Not Found SET <end-flag> := True;

OPEN <cursor-name>;

    <cursor-loop-var>: LOOP
        Fetch <cursor-name> into <var-name>, ...;
        IF <end-flag> THEN
            LEAVE <cursor-loop-var>;
        END IF;
        ...
    END LOOP <cursor-loop-var>;

CLOSE <cursor-name>;
```

## Exception Handling

```sql
START TRANSACTION

DECLARE {EXIT | CONTINUE} HANDLER FOR [ SQLEXCEPTION | <code> ]

BEGIN
    SHOW ERRORS;
    SELECT 'ì—ëŸ¬ë°œìƒ' as 'Result';
    ROLLBACK;
END;

-- ìœ„ì—ì„œ CONTINUE ë¼ê³  ì„ ì–¸í–ˆë‹¤ë©´, ì˜¤ë¥˜ ë°œìƒí•´ë„ ì•„ë˜ ê³„ì† ìˆ˜í–‰!

COMMIT;
```

### ìœ„ ë‚˜ì˜¨ ë‚´ìš©ì„ ì „ë¶€ ì‚¬ìš©í•œ Procedure ì˜ˆì œ

```sql
CREATE PROCEDURE `sp_emp_range`(_sid int, _eid int)
prox:BEGIN
  declare v_sid int default _sid;
  declare v_eid int default _eid;
  
  -- cursor ì„ì‹œ ë³€ìˆ˜
  declare v_empid int;
  declare v_ename varchar(31);
  declare v_dname varchar(31);
  
  -- cursor ì¢…ë£Œ flag
  Declare _done boolean default False;
  
  Declare _cur CURSOR FOR
    select id, ename, dname  from v_Emp where id between v_sid and v_eid;
    
  Declare Continue Handler
    For Not Found SET _done := True;
    
    
  -- error handling
  DECLARE EXIT HANDLER FOR SQLEXCEPTION
  BEGIN
    SHOW ERRORS;
    SELECT 'ì—ëŸ¬ë°œìƒ' as 'Result';
  END;
  
  IF _sid < 0 AND _eid < 0 THEN
    leave prox;
  END IF;
  
  IF _sid > _eid THEN
    set v_sid = _eid;
    set v_eid = _sid;
  END IF;
  
  -- ì„ì‹œí…Œì´ë¸” ì¡´ì¬í•˜ëŠ” ê²½ìš° drop
  drop temporary table IF Exists Tmp;
  
  -- ì„ì‹œ í…Œì´ë¸” ìƒì„±
  create temporary table Tmp (
    empid int,
    edname varchar(63)
  );

  OPEN _cur; -- ì»¤ì„œ ì—´ê¸°
  
    cur_loop: LOOP
      Fetch _cur into v_empid, v_ename, v_dname;
      IF _done THEN
        LEAVE cur_loop;
      END IF;
      
      insert into Tmp(empid, edname) values(v_empid, concat(v_ename, '-', ifnull(v_dname,'ì†Œì†íŒ€ì—†ìŒ')));
      
    END LOOP cur_loop;
  
  CLOSE _cur; -- ì»¤ì„œ ë‹«ê¸°
  
  select * from Tmp;
  
END
```

```sql
mysql> call sp_emp_range(5,1);
+-------+----------------+
| empid | edname         |
+-------+----------------+
|     1 | ì „ì°¨ì¢…-í´ë¼íŒ€  |
|     2 | ë§ˆë¯¼ì¢…-ì˜ì—…2íŒ€ |
|     3 | ì¡°ìë¼-ì„œë²„íŒ€  |
|     4 | ìµœí˜¸ìˆœ-ì˜ì—…3íŒ€ |
|     5 | ì¡°ì„¸í˜¸-ì„œë²„íŒ€  |
+-------+----------------+
5 rows in set (0.00 sec)

Query OK, 0 rows affected (0.01 sec)
```

## WITH CTE

::: tip WITH -  CTE

ë©”ëª¨ë¦¬ì— ì„ì‹œ ê²°ê³¼ ì…‹ìœ¼ë¡œ ì˜¬ë ¤ë†“ê³  ì¬ì‚¬ìš©. (cf. View, Function)

* ì¥ì 
    ìˆœì„œì— ì˜í•œ ì ˆì°¨ì ìœ¼ë¡œ ì‘ì„± -> ì‘ì„±í•˜ê¸° ì‰½ê³  ì½ê¸° ì‰½ë‹¤.

```sql
WITH [RECURSIVE]
    cte_name [(colr_name [, col_name] ...)] AS (subquery)
    [, cte_name [(colr_name [, col_name] ...)] AS (subquery)]
select * from cte_name;
```

MY SQLì˜ CTEì—ëŠ” ì•„ë˜ì™€ ê°™ì´ 2ê°€ì§€ CTEë¥¼ ì œê³µí•˜ê³  ìˆë‹¤.

<b>1. Common Table Expressions (ê¸°ë³¸ CTE)</b> - ìˆœì°¨ì ìœ¼ë¡œ ì¿¼ë¦¬ ì‘ì„± ê°€ëŠ¥
<b>2. Recursive Common Table Expressions (ì¬ê·€ CTE)</b> - ìŠ¤ìŠ¤ë¡œ ì¶”ê°€ì ì¸ Rowë¥¼ ìƒì„±í•  ìˆ˜ ìˆë‹¤.
:::

```sql
WITH
  AvgSal AS ( -- í‰ê·  ê¸‰ì—¬
    select d.dname, avg(e.salary) avgsal
    from Dept d inner join Emp e on d.id = e.dept
    group by d.id
  ),
  MaxAvgSal AS ( -- ìµœê³ 
    select * from AvgSal order by avgSal desc limit 1
  ),
  MinAvgSal AS ( -- ìµœì†Œ
    select * from AvgSal order by avgSal asc limit 1
  ),
  SumUp AS ( -- union
    select 'ìµœê³ ' as gb, m1.* from MaxAvgSal m1
    UNION
    select 'ìµœì €' as gb, m2.* from MinAvgSal m2
  )
select * from Sumup
UNION
select '', 'í‰ê· ê¸‰ì—¬ì°¨ì•¡', format((max(avgsal) - min(avgsal))* 10000, 0) from SumUp;  -- ì°¨ì•¡

+------+--------------+----------+
| gb   | dname        | avgsal   |
+------+--------------+----------+
| ìµœê³  | ì„œë²„íŒ€       | 538.1818 |
| ìµœì € | ì˜ì—…3íŒ€      | 450.0000 |
|      | í‰ê· ê¸‰ì—¬ì°¨ì•¡ | 881,818  |
+------+--------------+----------+
3 rows in set (0.00 sec)
```

## ì¬ê·€ CTE

### í”¼ë³´ë‚˜ì¹˜ ìˆ˜ì—´

<b>ë³€ìˆ˜ì— ë§ì¶°ì„œ ì¡°íšŒí•´ì•¼ í•œë‹¤.</b>

```sql
WITH RECURSIVE fibonacci (n, fib_n, next_fib_n) AS -- ë³€ìˆ˜ 3ê°œ
(
    select 1, 0, 1 -- 3ê°œ
    UNION ALL
    select n + 1, next_fib_n, fib_n + next_fib_n -- 3ê°œ
      from fibonacci where n < 10
)
select * from fibonacci;
+------+-------+------------+
| n    | fib_n | next_fib_n |
+------+-------+------------+
|    1 |     0 |          1 |
|    2 |     1 |          1 |
|    3 |     1 |          2 |
|    4 |     2 |          3 |
|    5 |     3 |          5 |
|    6 |     5 |          8 |
|    7 |     8 |         13 |
|    8 |    13 |         21 |
|    9 |    21 |         34 |
|   10 |    34 |         55 |
+------+-------+------------+
10 rows in set (0.00 sec)
```

### ê³„ì¸µ í…ŒìŠ¤íŠ¸ë¥¼ ìœ„í•´ ë¶€ì„œë¥¼ ë„£ì–´ì£¼ì

```sql
insert into Dept(pid, dname) values(6, 'ì¸í”„ë¼ì…€');
insert into Dept(pid, dname) values(6, 'DBì…€');
insert into Dept(pid, dname) values(7, 'ëª¨ë°”ì¼ì…€');
```

### ìš°ì„  íŠ¸ë¦¬êµ¬ì¡°ê°€ ì•„ë‹Œ í˜•íƒœë¡œ ì¡°íšŒ

```sql
WITH RECURSIVE CteDept (id, pid, npname, dname, d) AS -- d: depth : ì‹¤í–‰ìˆœì„œ
(
  select id, pid, cast('' as char(31)), dname, 0 from Dept where pid = 0
  UNION ALL
  select d.id, d.pid, cte.dname, d.dname,  d + 1 from Dept d inner join CteDept cte on d.pid = cte.id
)
select * from CteDept;

+------+------+--------+----------+------+
| id   | pid  | npname | dname    | d    |
+------+------+--------+----------+------+
|    1 |    0 |        | ì˜ì—…ë¶€   |    0 |
|    2 |    0 |        | ê°œë°œë¶€   |    0 |
|    3 |    1 | ì˜ì—…ë¶€ | ì˜ì—…1íŒ€  |    1 |
|    4 |    1 | ì˜ì—…ë¶€ | ì˜ì—…2íŒ€  |    1 |
|    5 |    1 | ì˜ì—…ë¶€ | ì˜ì—…3íŒ€  |    1 |
|    6 |    2 | ê°œë°œë¶€ | ì„œë²„íŒ€   |    1 |
|    7 |    2 | ê°œë°œë¶€ | í´ë¼íŒ€   |    1 |
|    9 |    6 | ì„œë²„íŒ€ | ì¸í”„ë¼ì…€ |    2 |
|   10 |    6 | ì„œë²„íŒ€ | DBì…€     |    2 |
|   11 |    7 | í´ë¼íŒ€ | ëª¨ë°”ì¼ì…€ |    2 |
+------+------+--------+----------+------+
10 rows in set (0.00 sec)
```

### íŠ¸ë¦¬ êµ¬ì¡°ë¡œ ì¡°íšŒ

```sql
WITH RECURSIVE CteDept (id, pid, npname, dname, d, h) AS 
(
  select id, pid, cast('' as char(31)), dname, 0, cast(id as char(10)) from Dept where pid = 0
  UNION ALL
  select d.id, d.pid, cte.dname, d.dname,  d + 1, concat(cte.h, '-', d.id) from Dept d inner join CteDept cte on d.pid = cte.id
)
select * from CteDept order by h;

+------+------+--------+----------+------+--------+
| id   | pid  | npname | dname    | d    | h      |
+------+------+--------+----------+------+--------+
|    1 |    0 |        | ì˜ì—…ë¶€   |    0 | 1      |
|    3 |    1 | ì˜ì—…ë¶€ | ì˜ì—…1íŒ€  |    1 | 1-3    |
|    4 |    1 | ì˜ì—…ë¶€ | ì˜ì—…2íŒ€  |    1 | 1-4    |
|    5 |    1 | ì˜ì—…ë¶€ | ì˜ì—…3íŒ€  |    1 | 1-5    |
|    2 |    0 |        | ê°œë°œë¶€   |    0 | 2      |
|    6 |    2 | ê°œë°œë¶€ | ì„œë²„íŒ€   |    1 | 2-6    |
|   10 |    6 | ì„œë²„íŒ€ | DBì…€     |    2 | 2-6-10 |
|    9 |    6 | ì„œë²„íŒ€ | ì¸í”„ë¼ì…€ |    2 | 2-6-9  |
|    7 |    2 | ê°œë°œë¶€ | í´ë¼íŒ€   |    1 | 2-7    |
|   11 |    7 | í´ë¼íŒ€ | ëª¨ë°”ì¼ì…€ |    2 | 2-7-11 |
+------+------+--------+----------+------+--------+
10 rows in set (0.00 sec)
```

### ì¬ê·€ íšŸìˆ˜ ì œí•œí•˜ê¸°

<b><u>sessionìœ¼ë¡œ íšŸìˆ˜ ì œí•œ</u></b>

```sql
SET SESSION cte_max_recursion_depth = 20; -- ì¬ê·€ ì‹¤í–‰ ì œí•œ
WITH RECURSIVE cte (n) AS
(
  SELECT 1
  UNION ALL
  SELECT n + 1 FROM cte -- limit 21 ê¹Œì§€ ê°€ëŠ¥
)
SELECT * FROM cte;

-- 20ë²ˆ ì´ìƒ ì‹¤í–‰ë˜ê¸°ë•Œë¬¸ì— ë£¨í”„ì— ë¹ ì§€ì§€ ì•Šë„ë¡ ì—ëŸ¬ê°€ ë°œìƒëœë‹¤. 
```

![vuepress](../.vuepress/public/img/lecture/03/11.png)

<b><u>ì£¼ì„ íŒíŠ¸ë¡œ ì œí•œ</u></b>

```sql
SET SESSION cte_max_recursion_depth = 20; -- ì¬ê·€ ì‹¤í–‰ ì œí•œ
WITH RECURSIVE cte (n) AS
(
  SELECT 1
  UNION ALL
  SELECT n + 1 FROM cte limit 21
)
SELECT /*+ SET_VAR(cte_max_recursion_depth = 10) */ * FROM cte; -- HINT! ìœ„ì— sessionë³´ë‹¤ ìš°ì„ ..

-- 11ë²ˆ ê¹Œì§€ë§Œ ê°€ëŠ¥í•˜ë‹¤ê³  ì—ëŸ¬ê°€ ë°œìƒë¨.
```
![vuepress](../.vuepress/public/img/lecture/03/12.png)

## ìœˆë„ìš° í•¨ìˆ˜

[ì°¸ê³ ](https://dev.mysql.com/doc/refman/8.0/en/window-function-descriptions.html)

### windowFunc() over(PARTITION BY ê·¸ë£¹ ORDER BY ì •ë ¬ê¸°ì¤€) ì´ë ‡ê²Œ ì‚¬ìš©í•œë‹¤.

::: tip Window Function - 1 
![vuepress](../.vuepress/public/img/lecture/03/13.png)

| í•¨ìˆ˜ | ì„¤ëª… |
| --- | --- |
| `ROW_NUMBER()` | ì „ì²´ ê²°ê³¼ì—ì„œ íŒŒí‹°ì…˜ ê¸°ì¤€ ì¶œë ¥ë˜ëŠ” í–‰ ë²ˆí˜¸(ìˆœë²ˆ) |
| `RANK()` | ê°’ì˜ ë­í‚¹(ìˆœìœ„), ê³µë™ ë­í‚¹ì€ ë™ì¼ê°’ì„ ë³´ì´ë©° ë‹¤ìŒ ë­í‚¹ì€ ê³µë™ ë­í‚¹ì„ ê±´ë„ˆë›°ì–´ í‘œì‹œ |
| `DESNE_RANK()` | RANK() í•¨ìˆ˜ì™€ ë™ì¼í•œ ê¸°ëŠ¥ì´ì§€ë§Œ ê³µë™ ë­í‚¹ì„ ê±´ë„ˆë›°ì§€ ì•ŠëŠ”ë‹¤. |
| `PERCENT_RANK()` | ë­í‚¹ì„ ë°±ë¶„ìœ¨ë¡œ ë‚˜íƒ€ë‚¸ë‹¤. íŒŒí‹°ì…˜ ë‚´ì—ì„œ ìœ„ì¹˜í•˜ëŠ” ë­í‚¹ì˜ %. |
| `CUME_DIST()` | íŒŒí‹°ì…˜ ë‚´ ì°¨ì§€ í•˜ëŠ” ìœ„ì¹˜ë¥¼ ëˆ„ì (cumulative)ëœ ê±°ë¦¬ë¥¼ %ë¡œ ë‚˜íƒ€ë‚´ì–´ ê·¸ë˜í”„ë¥¼ ê·¸ë¦°ë‹¤ë©´ ê²½ê³„(outbound)ë¥¼ ë‚˜íƒ€ë‚¸ë‹¤.  |
| `NTILE(n)` | íŒŒí‹°ì…˜ ë‚´ ë¡œìš°ë“¤ì„ n ê°œì˜ ê·¸ë£¹ìœ¼ë¡œ ë‚˜ëˆ´ì„ ë•Œ ê·¸ë£¹ ë²ˆí˜¸. ë³´í†µ ìˆœì„œì— ë§ì¶° ê·¸ë£¹(ì˜ì—­)ì„ ë‚˜ëˆŒ ë•Œ ì‚¬ìš© |
:::

::: tip Window Function - 2
![vuepress](../.vuepress/public/img/lecture/03/14.png)

| í•¨ìˆ˜ | ì„¤ëª… |
| --- | --- |
| `FIRST_VALUE(col)` | íŒŒí‹°ì…˜ ë‚´ ì²«ë²ˆì§¸ col ì»¬ëŸ¼ì˜ ê°’ |
| `LAST_VALUE(col)` | íŒŒí‹°ì…˜ ë‚´ ë§ˆì§€ë§‰ col ì»¬ëŸ¼ì˜ ê°’ |
| `NTH_VALUE(col, n)` | íŒŒí‹°ì…˜ ë‚´ në²ˆì§¸ col ì»¬ëŸ¼ì˜ ê°’ |
| `LAG(n)` | í˜„ì¬ í–‰ ê¸°ì¤€ ì•(ì´ì „) n ë²ˆì§¸ ê°’ |
| `LEAD(n)` | í˜„ì¬ í–‰ ê¸°ì¤€ ë’¤(ë‹¤ìŒ) n ë²ˆì§¸ ê°’ |
:::

```sql
select row_number() over(order by dept, salary desc) 'ìˆœë²ˆ',
    e.*,
    rank() over w 'ë¶€ì„œë‚´ ìˆœìœ„',
    dense_rank() over w 'ë¶€ì„œë‚´ ìˆœìœ„',
    percent_rank() over w 'ë¶€ì„œë‚´ %ìˆœìœ„',
    cume_dist() over w 'ë¶€ì„œë‚´ %ê²½ê³„',
    ntile(3) over w 'ê¸‰ì—¬ë“±ê¸‰'
  from Emp e
where ename like 'ë°•%'
WINDOW w as (partition by dept order by dept, salary desc) -- ì´ê±¸ ì¨ì£¼ë©´ over()ë¥¼ ì¨ì£¼ì§€ ì•Šì•„ë„ ëœë‹¤.
;

 +------+-----+--------+------+--------+-------------+-------------+--------------------+---------------------+----------+
| ìˆœë²ˆ | id  | ename  | dept | salary | ë¶€ì„œë‚´ ìˆœìœ„ | ë¶€ì„œë‚´ ìˆœìœ„ | ë¶€ì„œë‚´ %ìˆœìœ„       | ë¶€ì„œë‚´ %ê²½ê³„        | ê¸‰ì—¬ë“±ê¸‰ |
+------+-----+--------+------+--------+-------------+-------------+--------------------+---------------------+----------+
|    1 | 169 | ë°•êµ­ê²° |    3 |    900 |           1 |           1 |                  0 |  0.3333333333333333 |        1 |
|    2 | 105 | ë°•í˜¸ë§ˆ |    3 |    700 |           2 |           2 |                0.5 |  0.6666666666666666 |        2 |
|    3 | 137 | ë°•ìˆœë‹¤ |    3 |    400 |           3 |           3 |                  1 |                   1 |        3 |
|    4 | 147 | ë°•ì„¸ì°¨ |    4 |    900 |           1 |           1 |                  0 |                0.25 |        1 |
|    5 | 145 | ë°•ë¯¼ë§ˆ |    4 |    800 |           2 |           2 | 0.3333333333333333 |                 0.5 |        1 |
|    6 |  82 | ë°•ì‚¬ê°€ |    4 |    700 |           3 |           3 | 0.6666666666666666 |                   1 |        2 |
|    7 | 237 | ë°•ë¯¼ì‚¬ |    4 |    700 |           3 |           3 | 0.6666666666666666 |                   1 |        3 |
|    8 | 143 | ë°•ë‹¤ë§ˆ |    5 |    700 |           1 |           1 |                  0 |                 0.5 |        1 |
|    9 | 165 | ë°•ìˆœêµ­ |    5 |    300 |           2 |           2 |                  1 |                   1 |        2 |
|   10 |  43 | ë°•ì•„ë‹¤ |    6 |    900 |           1 |           1 |                  0 |  0.3333333333333333 |        1 |
|   11 |  44 | ë°•ì¢…ì§€ |    6 |    900 |           1 |           1 |                  0 |  0.3333333333333333 |        1 |
|   12 |  71 | ë°•í˜¸ë¯¼ |    6 |    800 |           3 |           2 |                0.4 |                 0.5 |        2 |
|   13 | 241 | ë°•ë§ˆì°¬ |    6 |    700 |           4 |           3 |                0.6 |  0.6666666666666666 |        2 |
|   14 |  93 | ë°•ë°”í˜¸ |    6 |    300 |           5 |           4 |                0.8 |  0.8333333333333334 |        3 |
|   15 | 114 | ë°•êµ­ìˆœ |    6 |    100 |           6 |           5 |                  1 |                   1 |        3 |
|   16 |  49 | ë°•ì‹ ë‹¤ |    7 |    900 |           1 |           1 |                  0 | 0.16666666666666666 |        1 |
|   17 | 223 | ë°•ì°¨ê²° |    7 |    800 |           2 |           2 |                0.2 |  0.3333333333333333 |        1 |
|   18 |  47 | ë°•ë¯¼ì |    7 |    600 |           3 |           3 |                0.4 |                 0.5 |        2 |
|   19 |  37 | ë°•ìë§ˆ |    7 |    500 |           4 |           4 |                0.6 |  0.6666666666666666 |        2 |
|   20 |  21 | ë°•êµ­ì„¸ |    7 |    200 |           5 |           5 |                0.8 |                   1 |        3 |
|   21 | 238 | ë°•ì°¨ê²° |    7 |    200 |           5 |           5 |                0.8 |                   1 |        3 |
+------+-----+--------+------+--------+-------------+-------------+--------------------+---------------------+----------+
21 rows in set (0.00 sec)
```

```sql
select row_number() over(order by dept, salary desc) 'ìˆœë²ˆ',
    e.*,
    sum(salary) over w 'ê¸‰ì—¬ ëˆ„ì ì¹˜',
    first_value(salary) over w 'ë¶€ì„œë‚´ 1ë“± ê¸‰ì—¬',
    last_value(salary) over w 'ë¶€ì„œë‚´ í˜„ì¬ê¹Œì§€ì˜ ê¼´ë“± ê¸‰ì—¬',
    nth_value(salary, 2) over w 'ë¶€ì„œë‚´ 2ë“± ê¸‰ì—¬',
    lag(salary, 1) over w 'ì´ì „ ê¸‰ì—¬',
    lead(salary, 1) over w 'ë‹¤ìŒ ê¸‰ì—¬'
  from Emp e
where ename like 'ë°•%'
WINDOW w as (partition by dept order by dept, salary desc) -- ì´ê±¸ ì¨ì£¼ë©´ over()ë¥¼ ì¨ì£¼ì§€ ì•Šì•„ë„ ëœë‹¤.
;

+------+-----+--------+------+--------+-------------+-----------------+-----------------------------+-----------------+-----------+-----------+
| ìˆœë²ˆ | id  | ename  | dept | salary | ê¸‰ì—¬ ëˆ„ì ì¹˜ | ë¶€ì„œë‚´ 1ë“± ê¸‰ì—¬ | ë¶€ì„œë‚´ í˜„ì¬ê¹Œì§€ì˜ ê¼´ë“± ê¸‰ì—¬ | ë¶€ì„œë‚´ 2ë“± ê¸‰ì—¬ | ì´ì „ ê¸‰ì—¬ | ë‹¤ìŒ ê¸‰ì—¬ |
+------+-----+--------+------+--------+-------------+-----------------+-----------------------------+-----------------+-----------+-----------+
|    1 | 169 | ë°•êµ­ê²° |    3 |    900 |         900 |             900 |                         900 |            NULL |      NULL |       700 |
|    2 | 105 | ë°•í˜¸ë§ˆ |    3 |    700 |        1600 |             900 |                         700 |             700 |       900 |       400 |
|    3 | 137 | ë°•ìˆœë‹¤ |    3 |    400 |        2000 |             900 |                         400 |             700 |       700 |      NULL |
|    4 | 147 | ë°•ì„¸ì°¨ |    4 |    900 |         900 |             900 |                         900 |            NULL |      NULL |       800 |
|    5 | 145 | ë°•ë¯¼ë§ˆ |    4 |    800 |        1700 |             900 |                         800 |             800 |       900 |       700 |
|    6 |  82 | ë°•ì‚¬ê°€ |    4 |    700 |        3100 |             900 |                         700 |             800 |       800 |       700 |
|    7 | 237 | ë°•ë¯¼ì‚¬ |    4 |    700 |        3100 |             900 |                         700 |             800 |       700 |      NULL |
|    8 | 143 | ë°•ë‹¤ë§ˆ |    5 |    700 |         700 |             700 |                         700 |            NULL |      NULL |       300 |
|    9 | 165 | ë°•ìˆœêµ­ |    5 |    300 |        1000 |             700 |                         300 |             300 |       700 |      NULL |
|   10 |  43 | ë°•ì•„ë‹¤ |    6 |    900 |        1800 |             900 |                         900 |             900 |      NULL |       900 |
|   11 |  44 | ë°•ì¢…ì§€ |    6 |    900 |        1800 |             900 |                         900 |             900 |       900 |       800 |
|   12 |  71 | ë°•í˜¸ë¯¼ |    6 |    800 |        2600 |             900 |                         800 |             900 |       900 |       700 |
|   13 | 241 | ë°•ë§ˆì°¬ |    6 |    700 |        3300 |             900 |                         700 |             900 |       800 |       300 |
|   14 |  93 | ë°•ë°”í˜¸ |    6 |    300 |        3600 |             900 |                         300 |             900 |       700 |       100 |
|   15 | 114 | ë°•êµ­ìˆœ |    6 |    100 |        3700 |             900 |                         100 |             900 |       300 |      NULL |
|   16 |  49 | ë°•ì‹ ë‹¤ |    7 |    900 |         900 |             900 |                         900 |            NULL |      NULL |       800 |
|   17 | 223 | ë°•ì°¨ê²° |    7 |    800 |        1700 |             900 |                         800 |             800 |       900 |       600 |
|   18 |  47 | ë°•ë¯¼ì |    7 |    600 |        2300 |             900 |                         600 |             800 |       800 |       500 |
|   19 |  37 | ë°•ìë§ˆ |    7 |    500 |        2800 |             900 |                         500 |             800 |       600 |       200 |
|   20 |  21 | ë°•êµ­ì„¸ |    7 |    200 |        3200 |             900 |                         200 |             800 |       500 |       200 |
|   21 | 238 | ë°•ì°¨ê²° |    7 |    200 |        3200 |             900 |                         200 |             800 |       200 |      NULL |
+------+-----+--------+------+--------+-------------+-----------------+-----------------------------+-----------------+-----------+-----------+
21 rows in set (0.00 sec)
```

## JSON ë°ì´í„° ë‹¤ë£¨ê¸°

| JSON í•¨ìˆ˜ | ì„¤ëª… |
| --- | --- |
| `JSON_VALID()` | ë°ì´í„°ì˜ ìœ íš¨ì„± ê²€ì‚¬ |
| `JSON_PRETTY()` | ë“¤ì—¬ì“°ê¸°ë¥¼ í¬í•¨í•´ ë³´ê¸° ì¢‹ê²Œ JSON ë°ì´í„° ì¶œë ¥ |
| `JSON_OBJECT()` | ë¬¸ìì—´ í˜•íƒœê°€ ì•„ë‹Œ key, value ìŒìœ¼ë¡œ JSON ë°ì´í„° ë§Œë“¤ê¸° |
| `JSON_ARRAY()` | JSON ë°ì´í„°ë¥¼ ë°°ì—´(Array) í˜•íƒœë¡œ ì‘ì„± ë° ë³€í™˜ |
| `JSON_EXTRACT()` | ì¸ë¼ì¸ íŒ¨ìŠ¤(->)ì™€ ê°™ì´ íŠ¹ì • ê°’ë§Œ ë½‘ì•„ ì¶”ì¶œ |
| `JSON_VALUE()` | íŠ¹ì • ê°’ ì¶”ì¶œ, ì¶œë ¥ íƒ€ì… ì •ì˜ ê°€ëŠ¥ |
| `JSON_QUOTE()` | íŠ¹ì • ê°’ ì¶”ì¶œì‹œ ê°’ì˜ ì¢Œìš°ì— í°ë”°ì˜´í‘œ ë¶™ì—¬ì„œ ì¶œë ¥ |
| `JSON_UNQUOTE()` | íŠ¹ì • ê°’ ì¶”ì¶œì‹œ ê°’ì˜ ì¢Œìš°ì— ì¶œë ¥ë˜ëŠ” í°ë”°ì˜´í‘œ ì œê±° |
| `JSON_LENGTH()` | JSON ë°ì´í„°ì˜ í‚¤ ê°œìˆ˜ |
| `JSON_DEPTH()` | JSON ë°ì´í„°ì˜ ê¹Šì´(ê³„ì¸µ) |
| `JSON_KEYS()` | JSON ë°ì´í„°ì˜ keyë“¤ë§Œ ì¶”ì¶œ |
| `JSON_TYPE()` | JSON ë°ì´í„°ì˜ ë°ì´í„° íƒ€ì… ì¶œë ¥ |
| `JSON_SEARCH()` | íŠ¹ì •ê°’ìœ¼ë¡œ JSON íŒ¨ìŠ¤(ìœ„ì¹˜) ê²€ìƒ‰ |
| `JSON_CONTAINS()` | JSON ë°ì´í„°ì— íŠ¹ì • ê°’ì˜ ì¡´ì¬ ì—¬ë¶€ í™•ì¸ |
| `JSON_REPLACE()` | JSON ë°ì´í„°ì˜ ê°’ ë¶€ë¶„ ë³€ê²½ |
| `JSON_INSERT()` | JSON ë°ì´í„°ì— íŠ¹ì • key, value ìŒì„ ì¶”ê°€ |
| `JSON_SET()` | JSON ë°ì´í„°ì—ì„œ íŠ¹ì • keyì— í•´ë‹¹ë˜ëŠ” ê°’ë§Œ ë³€ê²½ |
| `JSON_REMOVE()` | JSON ë°ì´í„°ì˜ íŠ¹ì • key, value ì œê±° |
| `JSON_MERGE()` | ê¸°ì¡´ JSON ë°ì´í„°ì— ê°’ ì¶”ê°€, MySQL 8ì—ì„œ deprecatedë¨ |
| `JSON_MERGE_PRESERVE()` | JSON ë°ì´í„° íŠ¹ì • ìœ„ì¹˜ì˜ ê°’ ë³€ê²½(ê¸°ì¡´ ê°’ ìœ ì§€) |
| `JSON_MERGE_PATCH()` | JSON ë°ì´í„° íŠ¹ì • ìœ„ì¹˜ì˜ ê°’ ë³€ê²½(ê¸°ì¡´ ê°’ ëŒ€ì¹˜) |
| `JSON_TABLE()` | JSON ë°ì´í„°ë¥¼ í…Œì´ë¸” í˜•íƒœë¡œ ì •ì˜ |
| `JSON_ARRAYAGG()` | ì „ì²´ JSON ë°ì´í„°ë¥¼ ì·¨í•©(í†µí•©)í•˜ì—¬ ë°°ì—´ë¡œ ì¶œë ¥ |
| `JSON_OBJECTAGG()` | JSON ë°ì´í„°ë¥¼ ì·¨í•©(í†µí•©)í•˜ì—¬ Object í˜•íƒœë¡œ ì¶œë ¥ |
| `JSON_STORAGE_SIZE()` | JSON ë°ì´í„°ê°€ ì°¨ì§€í•˜ëŠ” ë°ì´í„° í¬ê¸° |
| `JSON_STORAGE_FREE()` | JSON ë°ì´í„° ì»¬ëŸ¼ì˜ ì—¬ìœ ê³µê°„, JSON ë°ì´í„° ìˆìœ¼ë©´ í•­ìƒ 0 |

```sql
alter table Emp add column remark JSON;

desc Emp;

update Emp set remark = '{ "addr": "ì„œìš¸"}'
  where id = 1;
  
update Emp set remark = '{"addr": "ë¶€ì‚°", "age": 39}'
 where id = 2;
 
update Emp set remark = '{"addr": "ëŒ€êµ¬", "age": 29, "family": [ {"name": "ë…¼ê°œ", "relation": "ëª¨"} ]}'
 where id = 3;
 
update Emp set remark = '{"addr": "ê°•ì›", "age": 49, "family": [  {"name": "ì¡°ì¡°", "relation": "ë¶€"},  {"name": "ë°°ì² ê· ", "relation": "ëª¨"} ]}'
 where id = 4;
 
update Emp set remark = '{"addr": "ì„œìš¸", "addr": "ëŒ€ì „"}'
 where id = 1;  
 
update Emp set remark = json_object('addr', "ë¶€ì‚°", "age", 38)
 where id = 2;

update Emp set remark = json_object('addr', "ëŒ€êµ¬", "age", 28, 
          "family", json_array(
              json_object('name', 'ë…¼ê°œ', 'relation', 'ëª¨')
          )) 
where id = 3;

--  {
--    "age": 48,
--    "addr": "ê°•ì›",
--    "family": [
--      {
--        "name": "ì¡°ì¡°",
--        "relation": "ë¶€"
--      },
--      {
--        "name": "ë°°ì² ê· ",
--        "relation": "ëª¨"
--      }
--    ]
--  }
update Emp set remark = json_object('addr', "ê°•ì›", "age", 48, 
          "family", json_array(
              json_object("name", "ì¡°ì¡°", "relation", "ë¶€"), 
              json_object("name", "ë°°ì² ê· ", "relation", "ëª¨")
          ))
where id = 4;
```

::: tip JSON ê°’ ì¶”ì¶œ
```sql
select remark,
  remark->'$.addr', -- $ëŠ” ë£¨íŠ¸
  remark->>'$.addr', -- >> êº½ìƒˆê°€ ë‘ê°œë©´ ìŒë”°ì˜´í‘œê°€ ì—†ì–´ì§„ë‹¤.
  json_value(remark, '$.addr'),
  json_value(remark, '$.age' returning decimal(4,2)),
  -- remark ë‚˜ì˜¤ê¸° ì „..
  json_extract(remark, '$.addr'),
  json_unquote(json_extract(remark, '$.addr'))
from Emp
where remark is not null;

+-------------------------------------------------------------------------------------------------------------------+------------------+-------------------+------------------------------+----------------------------------------------------+--------------------------------+----------------------------------------------+
| remark                                                                                                            | remark->'$.addr' | remark->>'$.addr' | json_value(remark, '$.addr') | json_value(remark, '$.age' returning decimal(4,2)) | json_extract(remark, '$.addr') | json_unquote(json_extract(remark, '$.addr')) |
+-------------------------------------------------------------------------------------------------------------------+------------------+-------------------+------------------------------+----------------------------------------------------+--------------------------------+----------------------------------------------+
| {"addr": "ëŒ€ì „"}                                                                                                  | "ëŒ€ì „"           | ëŒ€ì „              | ëŒ€ì „                         |                                               NULL | "ëŒ€ì „"                         | ëŒ€ì „                                         |
| {"age": 38, "addr": "ë¶€ì‚°"}                                                                                       | "ë¶€ì‚°"           | ë¶€ì‚°              | ë¶€ì‚°                         |                                              38.00 | "ë¶€ì‚°"                         | ë¶€ì‚°                                         |
| {"age": 28, "addr": "ëŒ€êµ¬", "family": [{"name": "ë…¼ê°œ", "relation": "ëª¨"}]}                                       | "ëŒ€êµ¬"           | ëŒ€êµ¬              | ëŒ€êµ¬                         |                                              28.00 | "ëŒ€êµ¬"                         | ëŒ€êµ¬                                         |
| {"age": 48, "addr": "ê°•ì›", "family": [{"name": "ì¡°ì¡°", "relation": "ë¶€"}, {"name": "ë°°ì² ê· ", "relation": "ëª¨"}]} | "ê°•ì›"           | ê°•ì›              | ê°•ì›                         |                                              48.00 | "ê°•ì›"                         | ê°•ì›                                         |
+-------------------------------------------------------------------------------------------------------------------+------------------+-------------------+------------------------------+----------------------------------------------------+--------------------------------+----------------------------------------------+
4 rows in set (0.00 sec)
```
:::

::: tip JSON ê²€ìƒ‰
```sql
select remark,
  json_search(remark, 'one', 'ë¶€ì‚°'), -- ê²°ê³¼ë¡œ pathë¥¼ ì•Œë ¤ì¤€ë‹¤.
  json_search(remark, 'one', 'ë°°ì² ê· '),
  json_value(remark, "$.family[0].name")
from Emp
where remark is not null;

+-------------------------------------------------------------------------------------------------------------------+------------------------------------+--------------------------------------+----------------------------------------+
| remark                                                                                                            | json_search(remark, 'one', 'ë¶€ì‚°') | json_search(remark, 'one', 'ë°°ì² ê· ') | json_value(remark, "$.family[0].name") |
+-------------------------------------------------------------------------------------------------------------------+------------------------------------+--------------------------------------+----------------------------------------+
| {"addr": "ëŒ€ì „"}                                                                                                  | NULL                               | NULL                                 | NULL                                   |
| {"age": 38, "addr": "ë¶€ì‚°"}                                                                                       | "$.addr"                           | NULL                                 | NULL                                   |
| {"age": 28, "addr": "ëŒ€êµ¬", "family": [{"name": "ë…¼ê°œ", "relation": "ëª¨"}]}                                       | NULL                               | NULL                                 | ë…¼ê°œ                                   |
| {"age": 48, "addr": "ê°•ì›", "family": [{"name": "ì¡°ì¡°", "relation": "ë¶€"}, {"name": "ë°°ì² ê· ", "relation": "ëª¨"}]} | NULL                               | "$.family[1].name"                   | ì¡°ì¡°                                   |
+-------------------------------------------------------------------------------------------------------------------+------------------------------------+--------------------------------------+----------------------------------------+
4 rows in set (0.00 sec)
```
:::

::: tip JSON ê²€ìƒ‰ 2
```sql
select remark,
    json_contains(remark, '"ë¶€ì‚°"', '$.addr'),
    json_contains(remark, '48', '$.age')
from Emp
where remark is not null;

+-------------------------------------------------------------------------------------------------------------------+-------------------------------------------+--------------------------------------+
| remark                                                                                                            | json_contains(remark, '"ë¶€ì‚°"', '$.addr') | json_contains(remark, '48', '$.age') |
+-------------------------------------------------------------------------------------------------------------------+-------------------------------------------+--------------------------------------+
| {"addr": "ëŒ€ì „"}                                                                                                  |                                         0 |                                 NULL |
| {"age": 38, "addr": "ë¶€ì‚°"}                                                                                       |                                         1 |                                    0 |
| {"age": 28, "addr": "ëŒ€êµ¬", "family": [{"name": "ë…¼ê°œ", "relation": "ëª¨"}]}                                       |                                         0 |                                    0 |
| {"age": 48, "addr": "ê°•ì›", "family": [{"name": "ì¡°ì¡°", "relation": "ë¶€"}, {"name": "ë°°ì² ê· ", "relation": "ëª¨"}]} |                                         0 |                                    1 |
+-------------------------------------------------------------------------------------------------------------------+-------------------------------------------+--------------------------------------+
4 rows in set (0.01 sec)

select * from Emp where json_contains(remark, '48', '$.age');
+----+--------+------+--------+-------------------------------------------------------------------------------------------------------------------+
| id | ename  | dept | salary | remark                                                                                                            |
+----+--------+------+--------+-------------------------------------------------------------------------------------------------------------------+
|  4 | ìµœí˜¸ìˆœ |    5 |    400 | {"age": 48, "addr": "ê°•ì›", "family": [{"name": "ì¡°ì¡°", "relation": "ë¶€"}, {"name": "ë°°ì² ê· ", "relation": "ëª¨"}]} |
+----+--------+------+--------+-------------------------------------------------------------------------------------------------------------------+
1 row in set (0.00 sec)

select * from Emp where json_value(remark, '$.age') = 48;
+----+--------+------+--------+-------------------------------------------------------------------------------------------------------------------+
| id | ename  | dept | salary | remark                                                                                                            |
+----+--------+------+--------+-------------------------------------------------------------------------------------------------------------------+
|  4 | ìµœí˜¸ìˆœ |    5 |    400 | {"age": 48, "addr": "ê°•ì›", "family": [{"name": "ì¡°ì¡°", "relation": "ë¶€"}, {"name": "ë°°ì² ê· ", "relation": "ëª¨"}]} |
+----+--------+------+--------+-------------------------------------------------------------------------------------------------------------------+
1 row in set (0.00 sec)

select * from Emp where remark->>'$.age' = 48;
+----+--------+------+--------+-------------------------------------------------------------------------------------------------------------------+
| id | ename  | dept | salary | remark                                                                                                            |
+----+--------+------+--------+-------------------------------------------------------------------------------------------------------------------+
|  4 | ìµœí˜¸ìˆœ |    5 |    400 | {"age": 48, "addr": "ê°•ì›", "family": [{"name": "ì¡°ì¡°", "relation": "ë¶€"}, {"name": "ë°°ì² ê· ", "relation": "ëª¨"}]} |
+----+--------+------+--------+-------------------------------------------------------------------------------------------------------------------+
1 row in set (0.00 sec)
```
:::

## rollup

```sql
select 
  (case when d.pid is not null then max(p.dname) else 'Total' end) 'ìƒìœ„ë¶€ì„œ',
  (case when d.id is not null then max(d.dname) else '- ì†Œê³„ -' end) 'ë¶€ì„œëª…', 
  format(sum(e.salary), 0) 'ê¸‰ì—¬í•©(ë‹¨ìœ„:ë§Œì›)'
from Dept p inner join Dept d on p.id = d.pid
            inner join Emp e on d.id = e.dept
group by d.pid, d.id
with rollup;
+----------+----------+-------------------+
| ìƒìœ„ë¶€ì„œ | ë¶€ì„œëª…   | ê¸‰ì—¬í•©(ë‹¨ìœ„:ë§Œì›) |
+----------+----------+-------------------+
| ì˜ì—…ë¶€   | ì˜ì—…1íŒ€  | 28,600            |
| ì˜ì—…ë¶€   | ì˜ì—…2íŒ€  | 24,900            |
| ì˜ì—…ë¶€   | ì˜ì—…3íŒ€  | 20,700            |
| ì˜ì—…ë¶€   | - ì†Œê³„ - | 74,200            |
| ê°œë°œë¶€   | ì„œë²„íŒ€   | 29,600            |
| ê°œë°œë¶€   | í´ë¼íŒ€   | 23,700            |
| ê°œë°œë¶€   | - ì†Œê³„ - | 53,300            |
| Total    | - ì†Œê³„ - | 127,500           |
+----------+----------+-------------------+
8 rows in set (0.00 sec)
```

## pivot

```sql
select d.id, max(d.dname) 'êµ¬ë¶„',
  format(avg(e.salary) * 10000, 0) 'í‰ê· ê¸‰ì—¬',
  format(sum(e.salary) * 10000, 0) 'ê¸‰ì—¬í•©ê³„',
  format(min(e.salary) * 10000, 0) 'ìµœì†Œê¸‰ì—¬',
  format(max(e.salary) * 10000, 0) 'ìµœëŒ€ê¸‰ì—¬'
from Dept d inner join Emp e on d.id = e.dept
group by d.id
order by d.id;
+----+---------+-----------+-------------+-----------+-----------+
| id | êµ¬ë¶„    | í‰ê· ê¸‰ì—¬  | ê¸‰ì—¬í•©ê³„    | ìµœì†Œê¸‰ì—¬  | ìµœëŒ€ê¸‰ì—¬  |
+----+---------+-----------+-------------+-----------+-----------+
|  3 | ì˜ì—…1íŒ€ | 4,612,903 | 286,000,000 | 1,000,000 | 9,000,000 |
|  4 | ì˜ì—…2íŒ€ | 5,297,872 | 249,000,000 | 1,000,000 | 9,000,000 |
|  5 | ì˜ì—…3íŒ€ | 4,500,000 | 207,000,000 | 1,000,000 | 9,000,000 |
|  6 | ì„œë²„íŒ€  | 5,381,818 | 296,000,000 | 1,000,000 | 9,000,000 |
|  7 | í´ë¼íŒ€  | 4,647,059 | 237,000,000 | 1,000,000 | 9,000,000 |
+----+---------+-----------+-------------+-----------+-----------+
5 rows in set (0.00 sec)
```

```sql
select 'í‰ê· ê¸‰ì—¬' as 'êµ¬ë¶„',
  format(avg(case when dept = 3 then salary end) * 10000, 0) 'ì˜ì—…1íŒ€',
  format(avg(case when dept = 4 then salary end) * 10000, 0) 'ì˜ì—…2íŒ€',
  format(avg(case when dept = 5 then salary end) * 10000, 0) 'ì˜ì—…3íŒ€',
  format(avg(case when dept = 6 then salary end) * 10000, 0) 'ì„œë²„íŒ€',
  format(avg(case when dept = 7 then salary end) * 10000, 0) 'í´ë¼íŒ€'
from Emp
UNION
select 'ê¸‰ì—¬í•©ê³„',
  format(sum(salary * (dept = 3)) * 10000, 0), -- ë¶€ì„œê°€ 3ì´ë©´ 1ì´ë‹ˆê¹Œ.. ë¶€ì„œê°€ 3ì¸ ì§ì›ì˜ salaryë§Œ ê°€ì ¸ì˜¨ë‹¤
  format(sum(salary * (dept = 4)) * 10000, 0), 
  format(sum(salary * (dept = 5)) * 10000, 0), 
  format(sum(salary * (dept = 6)) * 10000, 0), 
  format(sum(salary * (dept = 7)) * 10000, 0)
from Emp
UNION
select 'ìµœì†Œê¸‰ì—¬',    
  format(min(IF(dept = 3, salary, ~0)) * 10000, 0), -- ~0: integerì˜ ìµœëŒ€ê°’
  format(min(IF(dept = 4, salary, ~0)) * 10000, 0),
  format(min(IF(dept = 5, salary, ~0)) * 10000, 0),
  format(min(IF(dept = 6, salary, ~0)) * 10000, 0),
  format(min(IF(dept = 7, salary, ~0)) * 10000, 0)
from Emp
UNION
select 'ìµœëŒ€ê¸‰ì—¬',    
  format(max(IF(dept = 3, salary, 0)) * 10000, 0),
  format(max(IF(dept = 4, salary, 0)) * 10000, 0),
  format(max(IF(dept = 5, salary, 0)) * 10000, 0),
  format(max(IF(dept = 6, salary, 0)) * 10000, 0),
  format(max(IF(dept = 7, salary, 0)) * 10000, 0)
from Emp
;
+----------+-------------+-------------+-------------+-------------+-------------+
| êµ¬ë¶„     | ì˜ì—…1íŒ€     | ì˜ì—…2íŒ€     | ì˜ì—…3íŒ€     | ì„œë²„íŒ€      | í´ë¼íŒ€      |
+----------+-------------+-------------+-------------+-------------+-------------+
| í‰ê· ê¸‰ì—¬ | 4,612,903   | 5,297,872   | 4,500,000   | 5,381,818   | 4,647,059   |
| ê¸‰ì—¬í•©ê³„ | 286,000,000 | 249,000,000 | 207,000,000 | 296,000,000 | 237,000,000 |
| ìµœì†Œê¸‰ì—¬ | 1,000,000   | 1,000,000   | 1,000,000   | 1,000,000   | 1,000,000   |
| ìµœëŒ€ê¸‰ì—¬ | 9,000,000   | 9,000,000   | 9,000,000   | 9,000,000   | 9,000,000   |
+----------+-------------+-------------+-------------+-------------+-------------+
4 rows in set (0.00 sec)
```

## Reference

[inflearn_@ì‹œì½” - MySQL ì œëŒ€ë¡œ ë°°ìš°ê¸°](https://www.inflearn.com/course/mysql-%EC%A0%9C%EB%8C%80%EB%A1%9C/)
[ê°•ì˜ github](https://github.com/indiflex/refs/blob/main/mysql/MySQL_Make_SampleData)
[ê°•ì˜ slide](https://docs.google.com/presentation/d/1fhtpdjbIPi0fvZbY9TlUKJRqIeqoIsJIzeWCaRktwBI/edit#slide=id.p)
[mysql ì‚¬ìš©ì](https://technote.kr/32)