---
title: ğŸˆ @ì‹œì½” - MySQL ì œëŒ€ë¡œ ë°°ìš°ê¸°
meta:
  - name: description
    content: mysql inflearn
  - name: keywords
    content: mysql inflearn
---

# ğŸˆ @ì‹œì½” - MySQL ì œëŒ€ë¡œ ë°°ìš°ê¸° (inflearn)

ìš°ì„  `mysql` 8ë²„ì „ì„ [ì„¤ì¹˜](https://www.mysql.com/)í•´ì£¼ê³ , ì„¤ì¹˜ ê³¼ì •ì—ì„œ `custom` ì„ ì„ íƒí•˜ì—¬ `workbench`ê¹Œì§€ 8ë²„ì „ìœ¼ë¡œ ì„¤ì¹˜í•´ì¤€ë‹¤.

## Mysql ì‚¬ìš©ì

### mysql ì ‘ì†

```sql
C:\Users\ê´€ë¦¬ì>mysql -u root -p
Enter password: ************
Welcome to the MySQL monitor.  Commands end with ; or \g.
Your MySQL connection id is 34
Server version: 8.0.29 MySQL Community Server - GPL

Copyright (c) 2000, 2022, Oracle and/or its affiliates.
```

### ì‚¬ìš©ì ì¡°íšŒ

```sql
mysql> use mysql;
Database changed
mysql> select user, host from user;
+------------------+-----------+
| user             | host      |
+------------------+-----------+
| mysql.infoschema | localhost |
| mysql.session    | localhost |
| mysql.sys        | localhost |
| root             | localhost |
+------------------+-----------+
4 rows in set (0.00 sec)
```

### ì‚¬ìš©ì ì¶”ê°€/ê¶Œí•œë¶€ì—¬

<b>create user</b>
`mysql> create user <user-name>@'<host>' identified by '<password>';`

```sql
mysql> create user 'test1234'@'localhost' identified by 'test1234';
Query OK, 0 rows affected (0.00 sec)

mysql> grant all privileges on test_database.* to test@'localhost';
Query OK, 0 rows affected (0.00 sec)
```

<b>grant</b>

```sql
mysql> grant all privileges on test_database.* to test_grant@'localhost' identified by 'test1234';
Query OK, 0 rows affected (0.00 sec)
```

<b>`localhost`ëŒ€ì‹ ì— `%`ë¥¼ ì‚¬ìš©í•  ê²½ìš° ì™¸ë¶€ì—ì„œë„ ì ‘ì† ê°€ëŠ¥í•˜ë‹¤</b>

```sql
mysql> grant all privileges on test_database.* to test_grant@'%' identified by 'test1234';
Query OK, 0 rows affected (0.01 sec)
```

<b><u>ì ìš©í•˜ê¸° í•„ìˆ˜ !</u></b>

```sql
mysql> flush privileges;
```

### ë¹„ë°€ë²ˆí˜¸ ë³€ê²½

```sql
mysql> use mysql;
Database changed
mysql> update user set password=PASSWORD('ë³€ê²½í•  ë¹„ë°€ë²ˆí˜¸') where user='ì‚¬ìš©ìì´ë¦„';
Query OK, 1 row affected (0.00 sec)
Rows matched: 1  Changed: 1  Warnings: 0

mysql> flush privileges;
Query OK, 0 rows affected (0.00 sec)
```

### ì‚¬ìš©ì ì‚­ì œ 

```sql
mysql> delete from user where user='USER_ID'; 
mysql> flush privileges;
mysql> delete from user where user='test';
Query OK, 1 row affected (0.00 sec)

mysql> delete from user where user='test_grant';
Query OK, 2 rows affected (0.00 sec)

mysql> flush privileges;
Query OK, 0 rows affected (0.00 sec)
```

## database ìƒì„±

```sql
mysql> show databases;
+--------------------+
| Database           |
+--------------------+
| information_schema |
| mysql              |
| performance_schema |
| sys                |
+--------------------+
4 rows in set (0.00 sec)

mysql> create database testdb;
Query OK, 1 row affected (0.02 sec)

mysql> show databases;
+--------------------+
| Database           |
+--------------------+
| information_schema |
| mysql              |
| performance_schema |
| sys                |
| testdb             |
+--------------------+
5 rows in set (0.00 sec)
```

## mysql workbench ì—°ê²°

![vuepress](../.vuepress/public/img/lecture/03/01.png)
![vuepress](../.vuepress/public/img/lecture/03/02.png)
![vuepress](../.vuepress/public/img/lecture/03/03.png)

## table ìƒì„±

```sql
#ë¶€ì„œ
create table Dept(
	id tinyint unsigned not null auto_increment,
    pid tinyint unsigned not null default 0 comment 'ìƒìœ„ë¶€ì„œid',
    dname varchar(31) not null,
    PRIMARY KEY(id)
);

#ì§ì›
create table Emp(
	id int unsigned not null auto_increment,
    ename varchar(31) not null,
    dept tinyint unsigned not null,
    salary int not null default 0 ,
    primary key(id),
    foreign key(dept) references Dept(id)
);
```

<b>`workbench`ì—ì„œ `refresh`í•´ì¤˜ì•¼ ìƒì„±ëœ í…Œì´ë¸” ì¡°íšŒ ê°€ëŠ¥</b>


![vuepress](../.vuepress/public/img/lecture/03/04.png)

::: tip unsigned
ëª¨ë“  Integeríƒ€ì…ë“¤ì€ `UNSIGNED`ë¥¼ ê°€ì§€ê³  ìˆë‹¤.

í•´ë‹¹ ì»¬ëŸ¼ì´ <b>ìŒìˆ˜ê°€ ì ˆëŒ€ ë  ì¼ì´ ì—†ëŠ” ê²½ìš°,</b> (auto-incrementë¡œ primary keyë¥¼ ì¡ì„ ë•Œì™€ ê°™ì´) ìˆ˜ì˜ ë²”ìœ„ê°€ ì–‘ìˆ˜ ìª½ìœ¼ë¡œ ë” ë„“ìœ¼ë©´ ì¢‹ì„ ê²ƒì´ë‹¤.
ì´ë•Œ ì‚¬ìš©í•˜ëŠ” ê²Œ `unsigned`íƒ€ì…ì´ë‹¤.

* `unsigned` ì•„ë‹ ë•Œ: `-2147483648 ~ 2147483647`
* `unsigned` ì¼ ë•Œ:  `0 ~ 4294967295`
:::

## select/insert

```sql
#ìƒìœ„ë¶€ì„œ
insert into Dept(pid, dname) values (0, 'ì˜ì—…ë¶€'), (0, 'ê°œë°œë¶€');

#í•˜ìœ„ë¶€ì„œ
insert into Dept(pid, dname) 
values (1, 'ì˜ì—…1íŒ€'), (1, 'ì˜ì—…2íŒ€'), (1, 'ì˜ì—…3íŒ€'), (2, 'ì„œë²„íŒ€'), (2, 'í´ë¼ì´ì–¸íŠ¸íŒ€');
```

## inner join

### ì „ì²´ì¡°íšŒ

```sql
mysql> select * from Dept;
+----+-----+--------------+
| id | pid | dname        |
+----+-----+--------------+
|  1 |   0 | ì˜ì—…ë¶€       |
|  2 |   0 | ê°œë°œë¶€       |
|  3 |   1 | ì˜ì—…1íŒ€      |
|  4 |   1 | ì˜ì—…2íŒ€      |
|  5 |   1 | ì˜ì—…3íŒ€      |
|  6 |   2 | ì„œë²„íŒ€       |
|  7 |   2 | í´ë¼ì´ì–¸íŠ¸íŒ€ |
+----+-----+--------------+
7 rows in set (0.00 sec)
```

### í•˜ìœ„ ë¶€ì„œ ì¡°íšŒ

```sql
mysql> select d1.dname as 'ìƒìœ„ë¶€ì„œ', d2.* from Dept d1 inner join Dept d2 on d1.id = d2.pid;
+----------+----+-----+--------------+
| ìƒìœ„ë¶€ì„œ | id | pid | dname        |
+----------+----+-----+--------------+
| ì˜ì—…ë¶€   |  3 |   1 | ì˜ì—…1íŒ€      |
| ì˜ì—…ë¶€   |  4 |   1 | ì˜ì—…2íŒ€      |
| ì˜ì—…ë¶€   |  5 |   1 | ì˜ì—…3íŒ€      |
| ê°œë°œë¶€   |  6 |   2 | ì„œë²„íŒ€       |
| ê°œë°œë¶€   |  7 |   2 | í´ë¼ì´ì–¸íŠ¸íŒ€ |
+----------+----+-----+--------------+
5 rows in set (0.00 sec)
```

::: tip rand()
* 0ê³¼ 1 ì‚¬ì´ì˜ ë‚œìˆ˜ ë°œìƒ 

```sql
mysql> select rand();
+--------------------+
| rand()             |
+--------------------+
| 0.3301079471875987 |
+--------------------+
1 row in set (0.00 sec)
```

* 0~10 ì‚¬ì´ì˜ ë‚œìˆ˜ í•˜ì—¬ ì˜¬ë¦¼ì²˜ë¦¬ (0ì´ ë‚˜ì˜¤ì§€ ì•Šê²Œ ì˜¬ë¦¼ìœ¼ë¡œ ì²˜ë¦¬)

```sql
mysql> select CEIL(rand() * 10);
+-------------------+
| CEIL(rand() * 10) |
+-------------------+
|                 3 |
+-------------------+
1 row in set (0.00 sec)
```
:::


## function ìƒì„±

![vuepress](../.vuepress/public/img/lecture/03/05.png)
![vuepress](../.vuepress/public/img/lecture/03/06.png)

::: tip function ìƒì„± ì•ˆ ë˜ëŠ” ê²½ìš°
```sql
SET GLOBAL  log_bin_trust_function_creators=ON;
```
:::

### 1. í•œê¸€ìë¥¼ ëœë¤ìœ¼ë¡œ ë°˜í™˜í•˜ëŠ” í•¨ìˆ˜ë¥¼ ë§Œë“¤ì–´ë³´ì.

```sql
CREATE FUNCTION `f_rand1` (_str varchar(255)) -- ë§¤ê°œë³€ìˆ˜ëŠ” _
RETURNS varchar(31)
BEGIN
	declare v_ret varchar(31); -- ë³€ìˆ˜ëŠ” v_
    declare v_len tinyint;
    
    set v_len = char_length(_str); -- í•œê¸€ì€ 3ë°”ì´íŠ¸ì´ë¯€ë¡œ char_lengthí•˜ë©´ ê¸€ììˆ˜ëŒ€ë¡œ ê¸¸ì´ ë°˜í™˜
    set v_ret = substring(_str, CEIL(rand() * v_len), 1); -- ë‹¨ì–´ì—ì„œ 1ê¸€ìë§Œ ëœë¤ìœ¼ë¡œ ë°˜í™˜
RETURN v_ret;
END
```

```sql
mysql> select f_rand1('ê¹€ì´ë°•');
+-------------------+
| f_rand1('ê¹€ì´ë°•') |
+-------------------+
| ê¹€                |
+-------------------+
1 row in set (0.00 sec)

mysql> select f_rand1('1234567');
+--------------------+
| f_rand1('1234567') |
+--------------------+
| 7                  |
+--------------------+
1 row in set (0.00 sec)

mysql> select f_rand1('1234567');
+--------------------+
| f_rand1('1234567') |
+--------------------+
| 3                  |
+--------------------+
1 row in set (0.00 sec)
```

### 2. `f_rand1`í•¨ìˆ˜ë¥¼ í™œìš©í•´ì„œ ì´ë¦„ì„ ë§Œë“¤ì–´ì£¼ëŠ” í•¨ìˆ˜ë¥¼ ë§Œë“¤ì–´ë³´ì.

```sql
CREATE FUNCTION `f_randname` ()
RETURNS varchar(31)
BEGIN
	declare v_ret varchar(31);
    declare v_lasts varchar(255) default 'ê¹€ì´ë°•ì¡°ìµœì „ì²œë°©ì§€ë§ˆìœ ë°°ì›'; -- ì„±
    declare v_firsts varchar(255) default 'ìˆœì‹ ì„¸ì¢…ì„±í˜¸ì§€í˜œê°€ì€ì„¸í˜¸ë¯¼êµ­ê°€ë‚˜ë‹¤ë¼ë§ˆë°”ì‚¬ì•„ìì°¨ê²°ì°¬'; -- ì´ë¦„
    
    set v_ret = concat(f_rand1(v_lasts), f_rand1(v_firsts), f_rand1(v_firsts));
RETURN v_ret;
END
```

```sql
mysql> select f_randname();
+--------------+
| f_randname() |
+--------------+
| ìœ ê²°ì€       |
+--------------+
1 row in set (0.00 sec)

mysql> select f_randname();
+--------------+
| f_randname() |
+--------------+
| ì›ë‹¤í˜¸       |
+--------------+
1 row in set (0.00 sec)
```

## Procedure

### ì—¬ëŸ¬ëª…ì˜ ì§ì›ì„ í”„ë¡œì‹œì €ë¡œ ë„£ì–´ë³´ì.

![vuepress](../.vuepress/public/img/lecture/03/07.png)

í•˜ìœ„ë¶€ì„œì— ì†í•˜ê¸° ìœ„í•´
```sql
CREATE PROCEDURE `sp_test_emp` (_cnt int)
BEGIN
	declare v_idx int default 0;
    while v_idx < _cnt
    do
        -- í•˜ìœ„ë¶€ì„œì— ì†í•˜ê¸° ìœ„ì— '34567', ê¸‰ì—¬ëŠ” *100í•˜ì—¬ `100~900`ê¹Œì§€
		insert into Emp(ename, dept, salary) values (f_randname(), f_rand1('34567'), f_rand1('123456789') * 100);        
        set v_idx = v_idx + 1;
    end while;
END
```

```sql
mysql> call sp_test_emp(10);
Query OK, 1 row affected (0.02 sec)

mysql> select * from emp;
+----+--------+------+--------+
| id | ename  | dept | salary |
+----+--------+------+--------+
|  1 | ì „ì°¨ì¢… |    7 |    100 |
|  2 | ë§ˆë¯¼ì¢… |    4 |    800 |
|  3 | ì¡°ìë¼ |    6 |    500 |
|  4 | ìµœí˜¸ìˆœ |    5 |    400 |
|  5 | ì¡°ì„¸í˜¸ |    6 |    200 |
|  6 | ìµœêµ­ì„¸ |    5 |    200 |
|  7 | ì¡°ì°¨ë§ˆ |    7 |    500 |
|  8 | ë°©ì„¸ì§€ |    3 |    700 |
|  9 | ì „ê²°ì€ |    3 |    100 |
| 10 | ì´ì„¸ì‚¬ |    6 |    800 |
| 11 | ì²œë°”ê°€ |    5 |    300 |
| 12 | ìœ í˜œì¢… |    6 |    400 |
+----+--------+------+--------+
12 rows in set (0.00 sec)
```

## group by

### ë¶€ì„œë³„ ì§ì› ìˆ˜ ì¡°íšŒ

```sql
mysql> select dept, count(*) from Emp group by dept;
+------+----------+
| dept | count(*) |
+------+----------+
|    3 |       62 |
|    4 |       47 |
|    5 |       47 |
|    6 |       55 |
|    7 |       51 |
+------+----------+
5 rows in set (0.00 sec)
```

## table ì •ë³´

```sql
mysql> desc Dept;
+-------+------------------+------+-----+---------+----------------+
| Field | Type             | Null | Key | Default | Extra          |
+-------+------------------+------+-----+---------+----------------+
| id    | tinyint unsigned | NO   | PRI | NULL    | auto_increment |
| pid   | tinyint unsigned | NO   |     | 0       |                |
| dname | varchar(31)      | NO   |     | NULL    |                |
+-------+------------------+------+-----+---------+----------------+
3 rows in set (0.00 sec)
```
```sql
mysql> show create table Dept;
+-------+-------------------------------------------------------------------------------------------------------------------------------------------------------------------------------------------------------------------------------------------------------------------------------------+
| Table | Create Table                                                                                                                                                                                                                                                                        |
+-------+-------------------------------------------------------------------------------------------------------------------------------------------------------------------------------------------------------------------------------------------------------------------------------------+
| Dept  | CREATE TABLE `dept` (
  `id` tinyint unsigned NOT NULL AUTO_INCREMENT,
  `pid` tinyint unsigned NOT NULL DEFAULT '0' COMMENT 'ìƒìœ„ë¶€ì„œid',
  `dname` varchar(31) NOT NULL,
  PRIMARY KEY (`id`)
) ENGINE=InnoDB AUTO_INCREMENT=8 DEFAULT CHARSET=utf8mb4 COLLATE=utf8mb4_0900_ai_ci |
+-------+-------------------------------------------------------------------------------------------------------------------------------------------------------------------------------------------------------------------------------------------------------------------------------------+
1 row in set (0.00 sec)
```

```sql
mysql> show index from Dept;
+-------+------------+----------+--------------+-------------+-----------+-------------+----------+--------+------+------------+---------+---------------+---------+------------+
| Table | Non_unique | Key_name | Seq_in_index | Column_name | Collation | Cardinality | Sub_part | Packed | Null | Index_type | Comment | Index_comment | Visible | Expression |
+-------+------------+----------+--------------+-------------+-----------+-------------+----------+--------+------+------------+---------+---------------+---------+------------+
| dept  |          0 | PRIMARY  |            1 | id          | A         |           0 |     NULL |   NULL |      | BTREE      |         |               | YES     | NULL       |
+-------+------------+----------+--------------+-------------+-----------+-------------+----------+--------+------+------------+---------+---------------+---------+------------+
1 row in set (0.00 sec)

mysql> show index from Emp;
+-------+------------+----------+--------------+-------------+-----------+-------------+----------+--------+------+------------+---------+---------------+---------+------------+
| Table | Non_unique | Key_name | Seq_in_index | Column_name | Collation | Cardinality | Sub_part | Packed | Null | Index_type | Comment | Index_comment | Visible | Expression |
+-------+------------+----------+--------------+-------------+-----------+-------------+----------+--------+------+------------+---------+---------------+---------+------------+
| emp   |          0 | PRIMARY  |            1 | id          | A         |           0 |     NULL |   NULL |      | BTREE      |         |               | YES     | NULL       |
| emp   |          1 | dept     |            1 | dept        | A         |           0 |     NULL |   NULL |      | BTREE      |         |               | YES     | NULL       |
+-------+------------+----------+--------------+-------------+-----------+-------------+----------+--------+------+------------+---------+---------------+---------+------------+
2 rows in set (0.00 sec)
```

## table ë³µì œ

### ë°ì´í„°ë¹¼ê³  êµ¬ì¡°ë§Œ ë³µì œ

```sql
create table Dept2 like Dpet;
```

### ë°ì´í„°ê¹Œì§€ ë³µì œ

```sql
create table Dept3 AS select * from Dept;
```

:::  danger
<b>index</b>ëŠ” ì„¤ì •ë˜ì§€ ì•ŠëŠ”ë‹¤..!
foriegn keyì™€ ê°™ì€ ì„¤ì •ì€ ë³µì œë˜ì§€ ì•Šìœ¼ë¯€ë¡œ ë”°ë¡œ ì„¤ì •í•´ì£¼ì–´ì•¼ í•¨.
:::

## table ìˆ˜ì •

```sql
-- on update: ë°ì´í„° ìˆ˜ì •ëì„ë•Œ current_timestamp ì—…ë°ì´íŠ¸
alter table Dept add column workdate timestamp not null default current_timestamp on update current_timestamp;
```

```sql
mysql> select * from Dept;
+----+-----+---------+---------------------+
| id | pid | dname   | workdate            |
+----+-----+---------+---------------------+
|  1 |   0 | ì˜ì—…ë¶€  | 2022-04-27 14:17:46 |
|  2 |   0 | ê°œë°œë¶€  | 2022-04-27 14:17:46 |
|  3 |   1 | ì˜ì—…1íŒ€ | 2022-04-27 14:17:46 |
|  4 |   1 | ì˜ì—…2íŒ€ | 2022-04-27 14:17:46 |
|  5 |   1 | ì˜ì—…3íŒ€ | 2022-04-27 14:17:46 |
|  6 |   2 | ì„œë²„íŒ€  | 2022-04-27 14:17:46 |
|  7 |   2 | í´ë¼íŒ€  | 2022-04-27 14:18:06 |
+----+-----+---------+---------------------+
7 rows in set (0.00 sec)
```

### ì•„ë˜ì™€ ê°™ì´ blockì²˜ë¦¬í•´ì„œ ìˆ˜ì •í•˜ëŠ” ì—°ìŠµí•˜ê¸° 

```sql
select * from Dept
-- update Dept set dname='í´ë¼íŒ€'
where id = 7;
```

### truncate ê³¼ delete ì°¨ì´

`truncate`ì€ í…Œì´ë¸”ì„ ì§€ì› ë‹¤ê°€ ë‹¤ì‹œ ìƒì„±í•˜ëŠ” ê±°ë‚˜ ë‹¤ë¦„ ì—†ë‹¤. auto_incrementê°€ 1ë¶€í„° ë‹¤ì‹œ ì‹œì‘í•œë‹¤.

`delete`í•´ì„œ ëª¨ë“  ë°ì´í„°ë¥¼ ì§€ìš°ë©´ auto_incrementê°€ ì´ì „ ê°’ì—ì„œ +1 ëœë‹¤.

## TCL: Commit & Rollback

::: danger
Session ë‹¨ìœ„ë¡œ TxëŠ” ì œì–´ë¨.
:::

### autocommit í™•ì¸

```sql
select @@autocommit;
-- ë³€ê²½í•˜ëŠ” ë°©ë²• SET AUTOCOMMIT = FALSE; 
```

### ì—¬ëŸ¬ê°€ì§€ ì‘ì—…ì„ í•  ë•Œ, ë¶ˆì•ˆí•œ ê²½ìš° `transcation`ìœ¼ë¡œ ì‘ì—…í•´ì¤€ë‹¤.

```sql
start transaction; -- transaction ì‹œì‘
select * from Dept where id in (1,2);
update Dept set dname='ì˜ì—…111' where id = 1;
commit; -- ì ìš©í•˜ê³ í”ˆ ê²½ìš°,
rollback; -- ì·¨ì†Œí•˜ê³ í”ˆ ê²½ìš°,
```

### savepoint

```sql
start transaction; -- transaction ì‹œì‘

savepoint sp1; -- savepoint1 ì‹œì‘
update Dept set dname='ì˜ì—…111' where id = 1;

savepoint sp2; -- savepoint2 ì‹œì‘
update Dept set dname='ê°œë°œ111' where id = 2;

rollback to savepoint sp2; --sp2 ë§Œ ë¡¤ë°±

commit; -- ì ìš© (sp1ë§Œ ì ìš©ë¨)
```

## View

::: tip Viewë¥¼ ì‚¬ìš©í•˜ëŠ” ì´ìœ 

* Security

    ë³´ì•ˆì„ ìœ„í•´ì„œ `view`ë¥¼ ë§ì´ ì“´ë‹¤. í…Œì´ë¸” í…Œì´í„°ë¥¼ ìˆ˜ì •í•˜ì§€ ëª»í•˜ë„ë¡, ì‚¬ìš©ì ì ‘ê·¼ ê¶Œí•œì„ `view` ì¡°íšŒë§Œ ê°€ëŠ¥í•˜ë„ë¡ í•˜ëŠ” ê²½ìš°ê°€ ìˆë‹¤.

* Simplicity

    ë³µì¡í•œ ì¿¼ë¦¬ë¥¼ ë‹¨ìˆœí•˜ê²Œ í•´ì¤€ë‹¤.

* Performance

    ë„¤íŠ¸ì›Œí¬ íŠ¸ë˜í”½ì´ ì¤„ì–´ë“¤ê³ , ì»´íŒŒì¼í•˜ëŠ” ì‹œê°„ë„ ì¤„ì–´ë“ ë‹¤.

:::

### ìƒì„±

ìƒì„± ì¿¼ë¦¬ëŠ” ì•„ë˜ì™€ ê°™ê³ , ì¡°íšŒëŠ” í…Œì´ë¸” ì¡°íšŒì™€ ë˜‘ê°™ì´ `select`ë¡œ ì¡°íšŒí•˜ë©´ ëœë‹¤.

```sql
create view v_Emp AS
select e.*, d.dname from Emp e inner join Dept d on e.dept = d.id;
```

![vuepress](../.vuepress/public/img/lecture/03/08.png)

### view schema ì¡°íšŒ

```sql
mysql> select * from information_schema.views where table_schema = 'testdb';
+---------------+--------------+------------+----------------------------------------------------------------------------------------------------------------------------------------------------------------------------------------------------+--------------+--------------+----------------+---------------+----------------------+----------------------+
| TABLE_CATALOG | TABLE_SCHEMA | TABLE_NAME | VIEW_DEFINITION                                                                                                                                                                                    | CHECK_OPTION | IS_UPDATABLE | DEFINER        | SECURITY_TYPE | CHARACTER_SET_CLIENT | COLLATION_CONNECTION |
+---------------+--------------+------------+----------------------------------------------------------------------------------------------------------------------------------------------------------------------------------------------------+--------------+--------------+----------------+---------------+----------------------+----------------------+
| def           | testdb       | v_emp      | select `e`.`id` AS `id`,`e`.`ename` AS `ename`,`e`.`dept` AS `dept`,`e`.`salary` AS `salary`,`d`.`dname` AS `dname` from (`testdb`.`emp` `e` join `testdb`.`dept` `d` on((`e`.`dept` = `d`.`id`))) | NONE         | YES          | root@localhost | DEFINER       | utf8mb4              | utf8mb4_0900_ai_ci   |
+---------------+--------------+------------+----------------------------------------------------------------------------------------------------------------------------------------------------------------------------------------------------+--------------+--------------+----------------+---------------+----------------------+----------------------+
1 row in set (0.00 sec)
```

## Trigger

<h3>íŠ¹ì • ì¡°ê±´ì„ ë§Œì¡±í•˜ë©´ ì €ì ˆë¡œ ì‹¤í–‰ëœë‹¤.</h3>

```sql
DELIMITER //
Create Trigger <trigger-name>
    { BEFORE | AFTER } { INSERT | UPDATE | DELETE } -- íŠ¹ì • ì‘ì—… ìˆ˜í–‰ ì „/í›„ (ë³´í†µ í›„ì— ë§ì´ í•¨)
    { PRECEDES | FOLLOWS } other-trigger-name -- ë‹¤ë¥¸ íŠ¸ë¦¬ê±°ê°€ ë˜ ìˆëŠ”ê²½ìš° PRECEDES: otheríƒ€ê¸°ì „ì— íƒ€ë¼ / FOLLOWS: otheríƒ€ê³  íƒ€ë¼
    on <table-name> FOR EACH ROW
BEGIN
    ... OLD.<col>   ... NEW.<col>; -- OLD: updateì´ì „ê°’ / NEW: updateì´í›„ê°’

END //
DELIMITER;
```

### ìš°ì„  ê¸°ì¡´ `Dept` í…Œì´ë¸”ì— ì§ì› ìˆ˜ì¸ `empcnt` ì»¬ëŸ¼ì„ ì¶”ê°€í•´ì£¼ê³ , í˜„ì¬ ì§ì›ìˆ˜ë¡œ `update` ì²˜ë¦¬í•´ì£¼ì.

```sql
alter table Dept add column empcnt int not null default 0;
update Dept d set empcnt = (select count(*) from Emp where dept = d.id);
```

### `Trigger` ë¥¼ ì ìš©í•´ì£¼ì.

```sql
CREATE DEFINER = CURRENT_USER TRIGGER `testdb`.`emp_AFTER_INSERT` AFTER INSERT ON `emp` FOR EACH ROW
BEGIN
  update Dept set empcnt = empcnt + 1
  where id = NEW.dept;
END
```

![vuepress](../.vuepress/public/img/lecture/03/09.png)

### `insert` í•´ë³´ë©´ `Trigger`ê°€ ì ìš©ë˜ì–´ `empcnt`ê°€ ëŠ˜ì–´ë‚˜ëŠ” ê±¸ í™•ì¸í•  ìˆ˜ ìˆë‹¤.

```sql
mysql> select * from Dept;
+----+-----+---------+---------------------+---------+--------+
| id | pid | dname   | workdate            | captain | empcnt |
+----+-----+---------+---------------------+---------+--------+
|  1 |   0 | ì˜ì—…111 | 2022-04-27 16:58:13 |    NULL |      0 |
|  2 |   0 | ê°œë°œë¶€  | 2022-04-27 16:57:39 |    NULL |      0 |
|  3 |   1 | ì˜ì—…1íŒ€ | 2022-04-28 10:23:20 |      66 |     62 |
|  4 |   1 | ì˜ì—…2íŒ€ | 2022-04-28 10:23:20 |     198 |     47 |
|  5 |   1 | ì˜ì—…3íŒ€ | 2022-04-28 13:52:15 |      76 |     48 |
|  6 |   2 | ì„œë²„íŒ€  | 2022-04-28 10:23:20 |    NULL |     55 |
|  7 |   2 | í´ë¼íŒ€  | 2022-04-28 10:23:20 |     259 |     51 |
+----+-----+---------+---------------------+---------+--------+
7 rows in set (0.01 sec)

mysql> insert into Emp(ename, dept, salary) values ('SSS', 5, 200);
Query OK, 1 row affected (0.01 sec)

mysql> select * from Dept;
+----+-----+---------+---------------------+---------+--------+
| id | pid | dname   | workdate            | captain | empcnt |
+----+-----+---------+---------------------+---------+--------+
|  1 |   0 | ì˜ì—…111 | 2022-04-27 16:58:13 |    NULL |      0 |
|  2 |   0 | ê°œë°œë¶€  | 2022-04-27 16:57:39 |    NULL |      0 |
|  3 |   1 | ì˜ì—…1íŒ€ | 2022-04-28 10:23:20 |      66 |     62 |
|  4 |   1 | ì˜ì—…2íŒ€ | 2022-04-28 10:23:20 |     198 |     47 |
|  5 |   1 | ì˜ì—…3íŒ€ | 2022-04-28 13:53:11 |      76 |     49 |
|  6 |   2 | ì„œë²„íŒ€  | 2022-04-28 10:23:20 |    NULL |     55 |
|  7 |   2 | í´ë¼íŒ€  | 2022-04-28 10:23:20 |     259 |     51 |
+----+-----+---------+---------------------+---------+--------+
7 rows in set (0.00 sec)
```

### `delete`ì—ë„ `empcnt`ê°€ -1 ë˜ë„ë¡ triggerë¥¼ ê±¸ì–´ì¤€ë‹¤.

```sql
CREATE DEFINER = CURRENT_USER TRIGGER `testdb`.`emp_AFTER_DELETE` AFTER DELETE ON `emp` FOR EACH ROW
BEGIN
 update Dept set empcnt = empcnt - 1
  where id = OLD.dept; -- ìƒˆë¡œ ë“¤ì–´ì˜¤ëŠ” NEWê°€ ì—†ìœ¼ë¯€ë¡œ OLDë¡œ ì¨ì¤€ë‹¤.
END
```

### `update`ì—ë„ ê±¸ì–´ì¤€ë‹¤. `dept`-ì†í•œ ë¶€ì„œê°€ ìˆ˜ì •ë˜ëŠ” ê²½ìš°ë„ `empcnt`ë¥¼ ë³€ê²½í•´ì¤˜ì•¼í•œë‹¤.

```sql
CREATE DEFINER=`root`@`localhost` TRIGGER `emp_AFTER_UPDATE` AFTER UPDATE ON `emp` FOR EACH ROW BEGIN
  IF OLD.dept != NEW.dept THEN -- ë¶€ì„œê°€ ë³€ê²½ë˜ëŠ” ê²½ìš°
    update Dept set empcnt = empcnt - 1
      where id = OLD.dept;
    
    update Dept set empcnt = empcnt + 1
      where id = NEW.dept;
  END IF;
END
```

## UNION

### `UNION`ì€ ì¤‘ë³µì„ ë¹¼ê³ , `UNION ALL`ì€ ì¤‘ë³µë„ í¬í•¨í•œë‹¤.

```sql
select * from subject where classroom < 3
{ UNION | UNION ALL}
select * from subject where classroom < 5
```

## @rownum

ìˆœë²ˆì„ ë§¤ê¸°ê³  ì‹¶ì„ ë•Œ ì‚¬ìš©í•œë‹¤.

```sql
mysql> select s.*, (@rownum := @rownum + 1)from Emp s, (select @rownum := 0) rn;
+-----+--------+------+--------+--------------------------+
| id  | ename  | dept | salary | (@rownum := @rownum + 1) |
+-----+--------+------+--------+--------------------------+
|   1 | ì „ì°¨ì¢… |    7 |    100 |                        1 |
|   2 | ë§ˆë¯¼ì¢… |    4 |    800 |                        2 |
|   3 | ì¡°ìë¼ |    6 |    500 |                        3 |
|   4 | ìµœí˜¸ìˆœ |    5 |    400 |                        4 |
|   5 | ì¡°ì„¸í˜¸ |    6 |    200 |                        5 |
|   6 | ìµœêµ­ì„¸ |    5 |    200 |                        6 |
|   7 | ì¡°ì°¨ë§ˆ |    7 |    500 |                        7 |
|   8 | ë°©ì„¸ì§€ |    3 |    700 |                        8 |
|   9 | ì „ê²°ì€ |    3 |    100 |                        9 |
|  10 | ì´ì„¸ì‚¬ |    6 |    800 |                       10 |
|  11 | ì²œë°”ê°€ |    5 |    300 |                       11 |
|  12 | ìœ í˜œì¢… |    6 |    400 |                       12 |
|  13 | ì²œê°€í˜¸ |    3 |    100 |                       13 |
|  14 | ìœ ì°¨ìˆœ |    5 |    300 |                       14 |
|  15 | ìœ ê°€ì¢… |    6 |    100 |                       15 |
|  16 | ì „ì‚¬ë°” |    4 |    400 |                       16 |
|  17 | ê¹€ì°¬ì•„ |    3 |    100 |                       17 |
|  18 | ì›ê°€ì°¬ |    4 |    300 |                       18 |
|  19 | ë§ˆì•„ê²° |    3 |    200 |                       19 |
...ìƒëµ
```

## Procudure - OUT ì¶œë ¥ | into ì‚¬ìš©

### í”„ë¡œì‹œì € ì‘ì—… í›„, ë³€ìˆ˜ë¥¼ ì¶œë ¥í•˜ê³  ì‹¶ì„ ë•Œ `OUT`ì„ ì‚¬ìš©í•œë‹¤.

```sql
CREATE PROCEDURE `sp_emp_del`(_empid int, OUT _empcnt int) -- ì‚­ì œ í›„, empcnt ê°€ì ¸ì˜¤ê³  ì‹¶ì„ë–„
BEGIN
  declare v_deptid tinyint;
  select dept into v_deptid from Emp where id = _empid; -- into: deptë¥¼ v_deptid ë³€ìˆ˜ì— ì…ë ¥
  
  delete from Emp where id = _empid;
  
  select empcnt into _empcnt from Dept where id = v_deptid; 
END
```

```sql
call sp_emp_del(6, @empcnt); -- empcntë¥¼ ë°›ì•„ì˜¨ë‹¤.
select @empcnt;
```

::: tip Leave
`Leave`ë¥¼ ì‚¬ìš©í•˜ë©´ í”„ë¡œì‹œì € ë„ì¤‘ ì¤‘ë‹¨ ê°€ëŠ¥í•˜ë‹¤.
```sql
CREATE DEFINER=`root`@`localhost` PROCEDURE `sp_emp_range`(_sid int, _eid int)
prox:BEGIN
    ... ìƒëµ
    leave prox; -- ì¡°ê±´ ë§Œì¡± ëª»í–ˆì„ ë•Œ, ì·¨ì†Œì‹œí‚¤ê³  ì‹¶ì€ ê²½ìš°
END
```
:::

## Prepare

### Stringìœ¼ë¡œ ë°›ì•„ì˜¨ ê°’ ì¿¼ë¦¬ì— ì‚¬ìš©í•˜ê¸°

```sql
CREATE PROCEDURE `sp_count`(_table varchar(31))
BEGIN
  SET @sql = CONCAT('select count(*) cnt from ', _table);
  
  PREPARE myQuery from @sql;
  EXECUTE myQuery;
  DEALLOCATE PREPARE myQuery; -- ë©”ëª¨ë¦¬ì—ì„œ ì‚­ì œ
END
```

## Cursor

### rowë¥¼ ì„ íƒí•˜ëŠ” ê°œë…ì´ë¼ê³  ë³´ë©´ ëœë‹¤. 

![vuepress](../.vuepress/public/img/lecture/03/10.png)

```sql
Declare <cursor-name> CURSOR FOR
    select ....
Declare Continue Handler
    For Not Found SET <end-flag> := True;

OPEN <cursor-name>;

    <cursor-loop-var>: LOOP
        Fetch <cursor-name> into <var-name>, ...;
        IF <end-flag> THEN
            LEAVE <cursor-loop-var>;
        END IF;
        ...
    END LOOP <cursor-loop-var>;

CLOSE <cursor-name>;
```

## Exception Handling

```sql
START TRANSACTION

DECLARE {EXIT | CONTINUE} HANDLER FOR [ SQLEXCEPTION | <code> ]

BEGIN
    SHOW ERRORS;
    SELECT 'ì—ëŸ¬ë°œìƒ' as 'Result';
    ROLLBACK;
END;

-- ìœ„ì—ì„œ CONTINUE ë¼ê³  ì„ ì–¸í–ˆë‹¤ë©´, ì˜¤ë¥˜ ë°œìƒí•´ë„ ì•„ë˜ ê³„ì† ìˆ˜í–‰!

COMMIT;
```

### ìœ„ ë‚˜ì˜¨ ë‚´ìš©ì„ ì „ë¶€ ì‚¬ìš©í•œ Procedure ì˜ˆì œ

```sql
CREATE PROCEDURE `sp_emp_range`(_sid int, _eid int)
prox:BEGIN
  declare v_sid int default _sid;
  declare v_eid int default _eid;
  
  -- cursor ì„ì‹œ ë³€ìˆ˜
  declare v_empid int;
  declare v_ename varchar(31);
  declare v_dname varchar(31);
  
  -- cursor ì¢…ë£Œ flag
  Declare _done boolean default False;
  
  Declare _cur CURSOR FOR
    select id, ename, dname  from v_Emp where id between v_sid and v_eid;
    
  Declare Continue Handler
    For Not Found SET _done := True;
    
    
  -- error handling
  DECLARE EXIT HANDLER FOR SQLEXCEPTION
  BEGIN
    SHOW ERRORS;
    SELECT 'ì—ëŸ¬ë°œìƒ' as 'Result';
  END;
  
  IF _sid < 0 AND _eid < 0 THEN
    leave prox;
  END IF;
  
  IF _sid > _eid THEN
    set v_sid = _eid;
    set v_eid = _sid;
  END IF;
  
  -- ì„ì‹œí…Œì´ë¸” ì¡´ì¬í•˜ëŠ” ê²½ìš° drop
  drop temporary table IF Exists Tmp;
  
  -- ì„ì‹œ í…Œì´ë¸” ìƒì„±
  create temporary table Tmp (
    empid int,
    edname varchar(63)
  );

  OPEN _cur; -- ì»¤ì„œ ì—´ê¸°
  
    cur_loop: LOOP
      Fetch _cur into v_empid, v_ename, v_dname;
      IF _done THEN
        LEAVE cur_loop;
      END IF;
      
      insert into Tmp(empid, edname) values(v_empid, concat(v_ename, '-', ifnull(v_dname,'ì†Œì†íŒ€ì—†ìŒ')));
      
    END LOOP cur_loop;
  
  CLOSE _cur; -- ì»¤ì„œ ë‹«ê¸°
  
  select * from Tmp;
  
END
```

```sql
mysql> call sp_emp_range(5,1);
+-------+----------------+
| empid | edname         |
+-------+----------------+
|     1 | ì „ì°¨ì¢…-í´ë¼íŒ€  |
|     2 | ë§ˆë¯¼ì¢…-ì˜ì—…2íŒ€ |
|     3 | ì¡°ìë¼-ì„œë²„íŒ€  |
|     4 | ìµœí˜¸ìˆœ-ì˜ì—…3íŒ€ |
|     5 | ì¡°ì„¸í˜¸-ì„œë²„íŒ€  |
+-------+----------------+
5 rows in set (0.00 sec)

Query OK, 0 rows affected (0.01 sec)
```

## WITH CTE

::: tip WITH -  CTE

ë©”ëª¨ë¦¬ì— ì„ì‹œ ê²°ê³¼ ì…‹ìœ¼ë¡œ ì˜¬ë ¤ë†“ê³  ì¬ì‚¬ìš©. (cf. View, Function)

* ì¥ì 
    ìˆœì„œì— ì˜í•œ ì ˆì°¨ì ìœ¼ë¡œ ì‘ì„± -> ì‘ì„±í•˜ê¸° ì‰½ê³  ì½ê¸° ì‰½ë‹¤.

```sql
WITH [RECURSIVE]
    cte_name [(colr_name [, col_name] ...)] AS (subquery)
    [, cte_name [(colr_name [, col_name] ...)] AS (subquery)]
select * from cte_name;
```

MY SQLì˜ CTEì—ëŠ” ì•„ë˜ì™€ ê°™ì´ 2ê°€ì§€ CTEë¥¼ ì œê³µí•˜ê³  ìˆë‹¤.

<b>1. Common Table Expressions (ê¸°ë³¸ CTE)</b> - ìˆœì°¨ì ìœ¼ë¡œ ì¿¼ë¦¬ ì‘ì„± ê°€ëŠ¥
<b>2. Recursive Common Table Expressions (ì¬ê·€ CTE)</b> - ìŠ¤ìŠ¤ë¡œ ì¶”ê°€ì ì¸ Rowë¥¼ ìƒì„±í•  ìˆ˜ ìˆë‹¤.
:::

```sql
WITH AvgSal AS ( -- í‰ê·  ê¸‰ì—¬
  select d.dname, avg(e.salary) avgsal
  from Dept d inner join Emp e on d.id = e.dept
  group by d.id
),
MaxAvgSal AS ( -- ìµœê³ 
  select * from AvgSal order by avgSal desc limit 1
),
MinAvgSal AS ( -- ìµœì†Œ
  select * from AvgSal order by avgSal asc limit 1
),
SumUp AS ( -- union
  select 'ìµœê³ ' as gb, m1.* from MaxAvgSal m1
  UNION
  select 'ìµœì €' as gb, m2.* from MinAvgSal m2
)
select * from Sumup
UNION
select '', 'í‰ê· ê¸‰ì—¬ì°¨ì•¡', format((max(avgsal) - min(avgsal))* 10000, 0) from SumUp;  -- ì°¨ì•¡

+------+--------------+----------+
| gb   | dname        | avgsal   |
+------+--------------+----------+
| ìµœê³  | ì„œë²„íŒ€       | 538.1818 |
| ìµœì € | ì˜ì—…3íŒ€      | 450.0000 |
|      | í‰ê· ê¸‰ì—¬ì°¨ì•¡ | 881,818  |
+------+--------------+----------+
3 rows in set (0.00 sec)
```

## ... Progress ğŸ¤ --- 13ë¶„

## Reference

[inflearn_@ì‹œì½” - MySQL ì œëŒ€ë¡œ ë°°ìš°ê¸°](https://www.inflearn.com/course/mysql-%EC%A0%9C%EB%8C%80%EB%A1%9C/)
[ê°•ì˜ github](https://github.com/indiflex/refs/blob/main/mysql/MySQL_Make_SampleData)
[ê°•ì˜ slide](https://docs.google.com/presentation/d/1fhtpdjbIPi0fvZbY9TlUKJRqIeqoIsJIzeWCaRktwBI/edit#slide=id.p)
[mysql ì‚¬ìš©ì](https://technote.kr/32)